-- phpMyAdmin SQL Dump
-- version 5.2.1
-- https://www.phpmyadmin.net/
--
-- Host: 127.0.0.1:3306
-- Generation Time: Nov 26, 2025 at 07:02 PM
-- Server version: 10.4.32-MariaDB
-- PHP Version: 8.0.30

SET SQL_MODE = "NO_AUTO_VALUE_ON_ZERO";
START TRANSACTION;
SET time_zone = "+00:00";


/*!40101 SET @OLD_CHARACTER_SET_CLIENT=@@CHARACTER_SET_CLIENT */;
/*!40101 SET @OLD_CHARACTER_SET_RESULTS=@@CHARACTER_SET_RESULTS */;
/*!40101 SET @OLD_COLLATION_CONNECTION=@@COLLATION_CONNECTION */;
/*!40101 SET NAMES utf8mb4 */;

--
-- Database: `mmspwi2`
--

-- --------------------------------------------------------

--
-- Table structure for table `alarm_log`
--

CREATE TABLE `alarm_log` (
  `id` int(11) NOT NULL,
  `plc_id` varchar(255) NOT NULL,
  `tag_name` varchar(255) NOT NULL,
  `alarm_type` enum('HIGH','LOW') NOT NULL COMMENT 'Jenis pelanggaran: HIGH atau LOW',
  `violated_value` float NOT NULL COMMENT 'Nilai aktual yang menyebabkan alarm',
  `treshold_value` float NOT NULL COMMENT 'Nilai batas yang dilanggar',
  `alarm_time` datetime NOT NULL COMMENT 'Waktu ketika pelanggaran terdeteksi',
  `status` enum('ACTIVE','ACKNOWLEDGED','RESOLVED') NOT NULL DEFAULT 'ACTIVE' COMMENT 'Status Alarm',
  `acknowledged_by` varchar(255) DEFAULT NULL COMMENT 'Pengguna yang mengakui alarm',
  `acknowledged_at` datetime DEFAULT NULL COMMENT 'Waktu pengakuan',
  `resolved_at` datetime DEFAULT NULL COMMENT 'Waktu ketika kondisi alarm kembali normal',
  `created_at` timestamp NOT NULL DEFAULT current_timestamp(),
  `is_active` tinyint(1) DEFAULT 1
) ENGINE=InnoDB DEFAULT CHARSET=utf8mb4 COLLATE=utf8mb4_general_ci;

--
-- Dumping data for table `alarm_log`
--

INSERT INTO `alarm_log` (`id`, `plc_id`, `tag_name`, `alarm_type`, `violated_value`, `treshold_value`, `alarm_time`, `status`, `acknowledged_by`, `acknowledged_at`, `resolved_at`, `created_at`, `is_active`) VALUES
(1, '3', 'data3', 'HIGH', 33.8, 31, '2025-10-28 13:57:00', 'RESOLVED', NULL, NULL, '2025-10-28 13:57:29', '2025-10-28 06:57:00', 1),
(2, '3', 'data3', 'HIGH', 33.4, 31, '2025-10-28 13:58:01', 'RESOLVED', NULL, NULL, '2025-10-28 13:58:47', '2025-10-28 06:58:02', 1),
(3, '3', 'data3', 'HIGH', 34.5, 31, '2025-10-28 13:59:34', 'RESOLVED', NULL, NULL, '2025-10-28 14:00:04', '2025-10-28 06:59:34', 1),
(4, '3', 'data2', 'HIGH', 32.4, 31, '2025-10-28 14:00:20', 'RESOLVED', NULL, NULL, '2025-10-28 14:00:29', '2025-10-28 07:00:20', 1),
(5, '3', 'data2', 'HIGH', 31.8, 31, '2025-10-28 14:02:29', 'RESOLVED', NULL, NULL, '2025-10-28 14:03:29', '2025-10-28 07:02:30', 1),
(6, '3', 'data3', 'HIGH', 31.4, 31, '2025-10-28 14:03:52', 'RESOLVED', NULL, NULL, '2025-10-28 14:04:23', '2025-10-28 07:03:52', 1),
(7, '3', 'data3', 'HIGH', 33.1, 31, '2025-10-28 14:04:54', 'RESOLVED', NULL, NULL, '2025-10-28 14:07:02', '2025-10-28 07:04:55', 1),
(8, '3', 'data2', 'HIGH', 34.6, 31, '2025-10-28 14:05:10', 'RESOLVED', NULL, NULL, '2025-10-28 14:05:29', '2025-10-28 07:05:12', 1),
(9, '3', 'data3', 'HIGH', 31.8, 31, '2025-10-28 14:09:15', 'RESOLVED', NULL, NULL, '2025-10-28 14:09:30', '2025-10-28 07:09:16', 1),
(10, '3', 'data2', 'HIGH', 33.1, 31, '2025-10-28 14:10:21', 'RESOLVED', NULL, NULL, '2025-10-28 14:11:16', '2025-10-28 07:10:23', 1),
(11, '3', 'data2', 'HIGH', 32.8, 31, '2025-10-28 14:10:43', 'RESOLVED', NULL, NULL, '2025-10-28 14:11:16', '2025-10-28 07:10:44', 1),
(12, '3', 'data3', 'HIGH', 32.5, 31, '2025-10-28 14:10:43', 'RESOLVED', NULL, NULL, '2025-10-28 14:11:16', '2025-10-28 07:10:44', 1),
(13, '3', 'data3', 'HIGH', 31.3, 31, '2025-10-28 14:12:05', 'RESOLVED', NULL, NULL, '2025-10-28 14:12:27', '2025-10-28 07:12:06', 1),
(14, '3', 'data2', 'HIGH', 33.5, 31, '2025-10-28 14:13:16', 'RESOLVED', NULL, NULL, '2025-10-28 14:14:15', '2025-10-28 07:13:17', 1),
(15, '3', 'data2', 'HIGH', 33.8, 31, '2025-10-28 14:17:24', 'RESOLVED', NULL, NULL, '2025-10-28 14:18:30', '2025-10-28 07:17:26', 1),
(16, '3', 'data2', 'HIGH', 32, 31, '2025-10-28 14:24:08', 'RESOLVED', NULL, NULL, '2025-10-28 14:25:11', '2025-10-28 07:24:09', 1),
(17, '3', 'data2', 'HIGH', 31.9, 31, '2025-10-28 14:25:54', 'RESOLVED', NULL, NULL, '2025-10-28 14:26:16', '2025-10-28 07:25:55', 1),
(18, '3', 'data2', 'HIGH', 33.2, 31, '2025-10-28 14:27:19', 'RESOLVED', NULL, NULL, '2025-10-28 14:28:01', '2025-10-28 07:27:20', 1),
(19, '3', 'data3', 'HIGH', 34.3, 31, '2025-10-28 14:27:19', 'RESOLVED', NULL, NULL, '2025-10-28 14:28:25', '2025-10-28 07:27:20', 1),
(20, '3', 'data3', 'HIGH', 33.1, 31, '2025-10-28 14:30:36', 'RESOLVED', NULL, NULL, '2025-10-28 14:31:40', '2025-10-28 07:30:38', 1),
(21, '3', 'data2', 'HIGH', 34.7, 31, '2025-10-28 14:31:19', 'RESOLVED', NULL, NULL, '2025-10-28 14:32:45', '2025-10-28 07:31:20', 1),
(22, '3', 'data3', 'HIGH', 34, 31, '2025-10-28 14:32:23', 'RESOLVED', NULL, NULL, '2025-10-28 14:33:17', '2025-10-28 07:32:25', 1),
(23, '3', 'data2', 'HIGH', 34.8, 31, '2025-10-28 14:34:32', 'RESOLVED', NULL, NULL, '2025-10-28 14:35:15', '2025-10-28 07:34:34', 1),
(24, '3', 'data3', 'HIGH', 33.1, 31, '2025-10-28 14:35:36', 'RESOLVED', NULL, NULL, '2025-10-28 14:36:17', '2025-10-28 07:35:39', 1),
(25, '3', 'data2', 'HIGH', 34.6, 31, '2025-10-28 14:37:28', 'RESOLVED', NULL, NULL, '2025-10-28 14:38:34', '2025-10-28 07:37:31', 1),
(26, '3', 'data2', 'HIGH', 31.8, 31, '2025-10-28 14:40:47', 'RESOLVED', NULL, NULL, '2025-10-28 14:43:18', '2025-10-28 07:40:51', 1),
(27, '3', 'data3', 'HIGH', 34.8, 31, '2025-10-28 14:43:00', 'RESOLVED', NULL, NULL, '2025-10-28 14:44:19', '2025-10-28 07:43:02', 1),
(28, '3', 'data2', 'HIGH', 31.7, 31, '2025-10-28 14:44:47', 'RESOLVED', NULL, NULL, '2025-10-28 14:46:57', '2025-10-28 07:44:48', 1),
(29, '3', 'data3', 'HIGH', 31.9, 31, '2025-10-28 14:45:53', 'RESOLVED', NULL, NULL, '2025-10-28 14:46:19', '2025-10-28 07:45:55', 1),
(30, '3', 'data2', 'HIGH', 31.5, 31, '2025-10-28 14:49:08', 'RESOLVED', NULL, NULL, '2025-10-28 14:50:19', '2025-10-28 07:49:10', 1),
(31, '3', 'data3', 'HIGH', 33.5, 31, '2025-10-28 14:52:45', 'RESOLVED', NULL, NULL, '2025-10-28 14:54:20', '2025-10-28 07:52:50', 1),
(32, '3', 'data2', 'HIGH', 31.3, 31, '2025-10-28 14:53:34', 'RESOLVED', NULL, NULL, '2025-10-28 14:55:46', '2025-10-28 07:53:35', 1),
(33, '3', 'data3', 'HIGH', 34.1, 31, '2025-10-28 14:55:46', 'RESOLVED', NULL, NULL, '2025-10-28 14:56:20', '2025-10-28 07:55:48', 1),
(34, '3', 'data2', 'HIGH', 31.7, 31, '2025-10-28 14:56:36', 'RESOLVED', NULL, NULL, '2025-10-28 14:57:20', '2025-10-28 07:56:38', 1),
(35, '3', 'data2', 'HIGH', 33.5, 31, '2025-10-28 14:58:03', 'RESOLVED', NULL, NULL, '2025-10-28 14:58:21', '2025-10-28 07:58:06', 1),
(36, '3', 'data3', 'HIGH', 34.9, 31, '2025-10-28 14:59:10', 'RESOLVED', NULL, NULL, '2025-10-28 14:59:53', '2025-10-28 07:59:11', 1),
(37, '3', 'data2', 'HIGH', 34.9, 31, '2025-10-28 14:59:31', 'RESOLVED', NULL, NULL, '2025-10-28 15:00:21', '2025-10-28 07:59:33', 1),
(38, '3', 'data2', 'HIGH', 32.9, 31, '2025-10-28 15:01:41', 'RESOLVED', NULL, NULL, '2025-10-28 15:02:21', '2025-10-28 08:01:43', 1),
(39, '3', 'data3', 'HIGH', 32.8, 31, '2025-10-28 15:01:41', 'RESOLVED', NULL, NULL, '2025-10-28 15:02:21', '2025-10-28 08:01:43', 1),
(40, '3', 'data2', 'HIGH', 32, 31, '2025-10-28 15:03:08', 'RESOLVED', NULL, NULL, '2025-10-28 15:03:21', '2025-10-28 08:03:09', 1),
(41, '3', 'data3', 'HIGH', 34.5, 31, '2025-10-28 15:03:30', 'RESOLVED', NULL, NULL, '2025-10-28 15:04:14', '2025-10-28 08:03:32', 1),
(42, '3', 'data2', 'HIGH', 31.1, 31, '2025-10-28 15:04:14', 'RESOLVED', NULL, NULL, '2025-10-28 15:05:20', '2025-10-28 08:04:16', 1),
(43, '3', 'data3', 'HIGH', 31.8, 31, '2025-10-28 15:05:41', 'RESOLVED', NULL, NULL, '2025-10-28 15:06:22', '2025-10-28 08:05:45', 1),
(44, '3', 'data3', 'HIGH', 34, 31, '2025-10-28 15:09:45', 'RESOLVED', NULL, NULL, '2025-10-28 15:10:22', '2025-10-28 08:09:47', 1),
(45, '3', 'data2', 'HIGH', 31.2, 31, '2025-10-28 15:10:07', 'RESOLVED', NULL, NULL, '2025-10-28 15:11:22', '2025-10-28 08:10:08', 1),
(46, '3', 'data3', 'HIGH', 32.8, 31, '2025-10-28 15:11:11', 'RESOLVED', NULL, NULL, '2025-10-28 15:11:22', '2025-10-28 08:11:12', 1),
(47, '3', 'data2', 'HIGH', 33.5, 31, '2025-10-28 15:13:02', 'RESOLVED', NULL, NULL, '2025-10-28 15:14:23', '2025-10-28 08:13:04', 1),
(48, '3', 'data3', 'HIGH', 35, 31, '2025-10-28 15:15:13', 'RESOLVED', NULL, NULL, '2025-10-28 15:16:23', '2025-10-28 08:15:14', 1),
(49, '3', 'data2', 'HIGH', 33.8, 31, '2025-10-28 15:19:41', 'RESOLVED', NULL, NULL, '2025-10-28 15:21:11', '2025-10-28 08:19:43', 1),
(50, '5', 'data4', 'LOW', 32.8, 50, '2025-10-28 15:21:54', 'RESOLVED', NULL, NULL, '2025-10-28 15:25:16', '2025-10-28 08:21:59', 1),
(51, '5', 'data5', 'LOW', 35.9, 50, '2025-10-28 15:21:54', 'RESOLVED', NULL, NULL, '2025-10-28 15:25:12', '2025-10-28 08:21:59', 1),
(52, '3', 'data2', 'HIGH', 34.6, 31, '2025-10-28 15:23:45', 'RESOLVED', NULL, NULL, '2025-10-28 15:24:11', '2025-10-28 08:23:47', 1),
(53, '3', 'data3', 'HIGH', 34.8, 31, '2025-10-28 15:24:52', 'RESOLVED', NULL, NULL, '2025-10-28 15:26:05', '2025-10-28 08:24:56', 1),
(54, '3', 'data2', 'HIGH', 31.6, 31, '2025-10-28 15:25:16', 'RESOLVED', NULL, NULL, '2025-10-28 15:26:27', '2025-10-28 08:25:18', 1),
(55, '5', 'data4', 'LOW', 32.2, 50, '2025-10-28 15:26:05', 'RESOLVED', NULL, NULL, '2025-10-28 15:27:10', '2025-10-28 08:26:07', 1),
(56, '5', 'data5', 'LOW', 36.7, 50, '2025-10-28 15:27:32', 'RESOLVED', NULL, NULL, '2025-10-28 15:28:13', '2025-10-28 08:27:33', 1),
(57, '3', 'data3', 'HIGH', 33.7, 31, '2025-10-28 15:27:53', 'RESOLVED', NULL, NULL, '2025-10-28 15:28:37', '2025-10-28 08:27:55', 1),
(58, '5', 'data4', 'LOW', 31.6, 50, '2025-10-28 15:27:53', 'RESOLVED', NULL, NULL, '2025-10-28 15:33:14', '2025-10-28 08:27:55', 1),
(59, '3', 'data3', 'HIGH', 32, 31, '2025-10-28 15:30:05', 'RESOLVED', NULL, NULL, '2025-10-28 15:31:35', '2025-10-28 08:30:09', 1),
(60, '5', 'data5', 'LOW', 41.3, 50, '2025-10-28 15:30:51', 'RESOLVED', NULL, NULL, '2025-10-28 15:36:03', '2025-10-28 08:30:53', 1),
(61, '3', 'data2', 'HIGH', 31.8, 31, '2025-10-28 15:31:35', 'RESOLVED', NULL, NULL, '2025-10-28 15:32:14', '2025-10-28 08:31:39', 1),
(62, '5', 'data4', 'LOW', 49.6, 50, '2025-10-28 15:34:10', 'RESOLVED', NULL, NULL, '2025-10-28 15:37:57', '2025-10-28 08:34:12', 1),
(63, '3', 'data2', 'HIGH', 34.8, 31, '2025-10-28 15:35:17', 'RESOLVED', NULL, NULL, '2025-10-28 15:36:03', '2025-10-28 08:35:20', 1),
(64, '5', 'data5', 'LOW', 48.9, 50, '2025-10-28 15:37:57', 'RESOLVED', NULL, NULL, '2025-10-28 15:45:08', '2025-10-28 08:37:59', 1),
(65, '5', 'data4', 'LOW', 37, 50, '2025-10-28 15:38:43', 'RESOLVED', NULL, NULL, '2025-10-28 15:42:43', '2025-10-28 08:38:46', 1),
(66, '3', 'data3', 'HIGH', 31.2, 31, '2025-10-28 15:41:06', 'RESOLVED', NULL, NULL, '2025-10-28 15:41:55', '2025-10-28 08:41:11', 1),
(67, '3', 'data2', 'HIGH', 33.5, 31, '2025-10-28 15:41:31', 'RESOLVED', NULL, NULL, '2025-10-28 15:42:17', '2025-10-28 08:41:35', 1),
(68, '3', 'data2', 'HIGH', 31.5, 31, '2025-10-28 15:43:28', 'RESOLVED', NULL, NULL, '2025-10-28 15:45:08', '2025-10-28 08:43:29', 1),
(69, '5', 'data4', 'LOW', 39.8, 50, '2025-10-28 15:43:28', 'RESOLVED', NULL, NULL, '2025-10-28 15:48:24', '2025-10-28 08:43:29', 1),
(70, '3', 'data3', 'HIGH', 33, 31, '2025-10-28 15:44:12', 'RESOLVED', NULL, NULL, '2025-10-28 15:45:19', '2025-10-28 08:44:19', 1),
(71, '3', 'data2', 'HIGH', 34.6, 31, '2025-10-28 15:45:56', 'RESOLVED', NULL, NULL, '2025-10-28 15:47:46', '2025-10-28 08:46:01', 1),
(72, '5', 'data5', 'LOW', 32.9, 50, '2025-10-28 15:45:56', 'RESOLVED', NULL, NULL, '2025-10-28 15:49:26', '2025-10-28 08:46:01', 1),
(73, '3', 'data3', 'HIGH', 34.6, 31, '2025-10-28 15:47:46', 'RESOLVED', NULL, NULL, '2025-10-28 15:48:24', '2025-10-28 08:47:55', 1),
(74, '5', 'data4', 'LOW', 31.3, 50, '2025-10-28 15:49:10', 'RESOLVED', NULL, NULL, '2025-10-28 15:50:27', '2025-10-28 08:49:13', 1),
(75, '5', 'data5', 'LOW', 41.3, 50, '2025-10-28 15:50:21', 'RESOLVED', NULL, NULL, '2025-10-28 15:52:03', '2025-10-28 08:50:27', 1),
(76, '5', 'data5', 'LOW', 35.1, 50, '2025-10-28 15:52:58', 'RESOLVED', NULL, NULL, '2025-10-28 15:53:27', '2025-10-28 08:53:00', 1),
(77, '3', 'data2', 'HIGH', 34.7, 31, '2025-10-28 15:54:10', 'RESOLVED', NULL, NULL, '2025-10-28 15:54:54', '2025-10-28 08:54:12', 1),
(78, '5', 'data4', 'LOW', 47, 50, '2025-10-28 15:54:10', 'RESOLVED', NULL, NULL, '2025-10-28 15:55:28', '2025-10-28 08:54:12', 1),
(79, '5', 'data5', 'LOW', 39.5, 50, '2025-10-28 15:54:10', 'RESOLVED', NULL, NULL, '2025-10-28 15:56:28', '2025-10-28 08:54:12', 1),
(80, '3', 'data2', 'HIGH', 32.2, 31, '2025-10-28 15:56:02', 'RESOLVED', NULL, NULL, '2025-10-28 15:56:28', '2025-10-28 08:56:04', 1),
(81, '3', 'data3', 'HIGH', 32.2, 31, '2025-10-28 15:56:24', 'RESOLVED', NULL, NULL, '2025-10-28 15:58:26', '2025-10-28 08:56:32', 1),
(82, '5', 'data5', 'LOW', 46.3, 50, '2025-10-28 15:57:41', 'RESOLVED', NULL, NULL, '2025-10-28 16:00:31', '2025-10-28 08:57:44', 1),
(83, '3', 'data2', 'HIGH', 32.4, 31, '2025-10-28 16:02:48', 'RESOLVED', NULL, NULL, '2025-10-28 16:03:33', '2025-10-28 09:02:56', 1),
(84, '5', 'data5', 'LOW', 45.3, 50, '2025-10-28 16:02:48', 'RESOLVED', NULL, NULL, '2025-10-28 16:04:33', '2025-10-28 09:02:56', 1),
(85, '3', 'data3', 'HIGH', 31.1, 31, '2025-10-28 16:03:39', 'RESOLVED', NULL, NULL, '2025-10-28 16:05:57', '2025-10-28 09:03:42', 1),
(86, '5', 'data4', 'LOW', 44.5, 50, '2025-10-28 16:04:02', 'RESOLVED', NULL, NULL, '2025-10-28 16:07:06', '2025-10-28 09:04:05', 1),
(87, '3', 'data2', 'HIGH', 31.6, 31, '2025-10-28 16:04:25', 'RESOLVED', NULL, NULL, '2025-10-28 16:05:11', '2025-10-28 09:04:28', 1),
(88, '5', 'data5', 'LOW', 49.6, 50, '2025-10-28 16:05:34', 'RESOLVED', NULL, NULL, '2025-10-28 16:10:09', '2025-10-28 09:05:37', 1),
(89, '3', 'data2', 'HIGH', 34.9, 31, '2025-10-28 16:08:15', 'RESOLVED', NULL, NULL, '2025-10-28 16:10:35', '2025-10-28 09:08:18', 1),
(90, '5', 'data4', 'LOW', 33.1, 50, '2025-10-28 16:08:15', 'RESOLVED', NULL, NULL, '2025-10-28 16:09:47', '2025-10-28 09:08:18', 1),
(91, '3', 'data3', 'HIGH', 32.1, 31, '2025-10-28 16:09:24', 'RESOLVED', NULL, NULL, '2025-10-28 16:10:09', '2025-10-28 09:09:27', 1),
(92, '5', 'data4', 'LOW', 41.5, 50, '2025-10-28 16:10:33', 'RESOLVED', NULL, NULL, '2025-10-28 16:11:35', '2025-10-28 09:10:36', 1),
(93, '5', 'data5', 'LOW', 49.2, 50, '2025-10-28 16:10:56', 'RESOLVED', NULL, NULL, '2025-10-28 16:14:36', '2025-10-28 09:10:58', 1),
(94, '3', 'data2', 'HIGH', 33.8, 31, '2025-10-28 16:11:18', 'RESOLVED', NULL, NULL, '2025-10-28 16:11:35', '2025-10-28 09:11:21', 1),
(95, '5', 'data4', 'LOW', 35.6, 50, '2025-10-28 16:13:57', 'RESOLVED', NULL, NULL, '2025-10-28 16:14:36', '2025-10-28 09:14:00', 1),
(96, '3', 'data3', 'HIGH', 31.6, 31, '2025-10-28 16:14:43', 'RESOLVED', NULL, NULL, '2025-10-28 16:15:29', '2025-10-28 09:14:46', 1),
(97, '5', 'data4', 'LOW', 47.3, 50, '2025-10-28 16:15:52', 'RESOLVED', NULL, NULL, '2025-10-28 16:17:46', '2025-10-28 09:15:55', 1),
(98, '5', 'data5', 'LOW', 38.3, 50, '2025-10-28 16:15:52', 'RESOLVED', NULL, NULL, '2025-10-28 16:43:10', '2025-10-28 09:15:55', 1),
(99, '3', 'data3', 'HIGH', 34.1, 31, '2025-10-28 16:16:15', 'RESOLVED', NULL, NULL, '2025-10-28 16:17:37', '2025-10-28 09:16:18', 1),
(100, '5', 'data4', 'LOW', 39.5, 50, '2025-10-28 16:18:32', 'RESOLVED', NULL, NULL, '2025-10-28 16:19:38', '2025-10-28 09:18:35', 1),
(101, '3', 'data3', 'HIGH', 34.7, 31, '2025-10-28 16:20:05', 'RESOLVED', NULL, NULL, '2025-10-28 16:20:38', '2025-10-28 09:20:08', 1),
(102, '5', 'data4', 'LOW', 30.2, 50, '2025-10-28 16:20:28', 'RESOLVED', NULL, NULL, '2025-10-28 16:21:59', '2025-10-28 09:20:30', 1),
(103, '3', 'data2', 'HIGH', 33.9, 31, '2025-10-28 16:21:14', 'RESOLVED', NULL, NULL, '2025-10-28 16:21:38', '2025-10-28 09:21:16', 1),
(104, '3', 'data3', 'HIGH', 33.2, 31, '2025-10-28 16:21:36', 'RESOLVED', NULL, NULL, '2025-10-28 16:22:21', '2025-10-28 09:21:39', 1),
(105, '5', 'data4', 'LOW', 34.8, 50, '2025-10-28 16:22:45', 'RESOLVED', NULL, NULL, '2025-10-28 16:43:10', '2025-10-28 09:22:47', 1),
(106, '3', 'data2', 'HIGH', 31.2, 31, '2025-10-28 16:44:41', 'RESOLVED', NULL, NULL, '2025-10-28 16:46:11', '2025-10-28 09:44:45', 1),
(107, '3', 'data3', 'HIGH', 33.4, 31, '2025-10-28 16:45:53', 'RESOLVED', NULL, NULL, '2025-10-28 16:46:45', '2025-10-28 09:45:56', 1),
(108, '3', 'data2', 'HIGH', 34.3, 31, '2025-10-28 16:48:05', 'RESOLVED', NULL, NULL, '2025-10-28 16:49:12', '2025-10-28 09:48:13', 1),
(109, '3', 'data2', 'HIGH', 32.3, 31, '2025-10-28 16:50:54', 'RESOLVED', NULL, NULL, '2025-10-28 16:51:12', '2025-10-28 09:51:01', 1),
(110, '3', 'data3', 'HIGH', 33.6, 31, '2025-10-28 16:52:18', 'RESOLVED', NULL, NULL, '2025-10-28 16:53:14', '2025-10-28 09:52:22', 1),
(111, '3', 'data2', 'HIGH', 32.5, 31, '2025-10-28 16:54:37', 'RESOLVED', NULL, NULL, '2025-10-28 16:56:07', '2025-10-28 09:54:39', 1),
(112, '3', 'data3', 'HIGH', 34, 31, '2025-10-28 16:54:59', 'RESOLVED', NULL, NULL, '2025-10-28 16:55:44', '2025-10-28 09:55:02', 1),
(113, '3', 'data2', 'HIGH', 34.1, 31, '2025-10-28 16:56:53', 'RESOLVED', NULL, NULL, '2025-10-28 17:00:25', '2025-10-28 09:56:56', 1),
(114, '3', 'data3', 'HIGH', 34.5, 31, '2025-10-28 17:00:51', 'RESOLVED', NULL, NULL, '2025-10-28 17:01:26', '2025-10-28 10:00:55', 1),
(115, '3', 'data2', 'HIGH', 34.4, 31, '2025-10-28 17:00:51', 'RESOLVED', NULL, NULL, '2025-10-28 17:01:26', '2025-10-28 10:00:56', 1),
(116, '3', 'data2', 'HIGH', 34.4, 31, '2025-10-28 17:00:51', 'RESOLVED', NULL, NULL, '2025-10-28 17:01:26', '2025-10-28 10:00:56', 1),
(117, '3', 'data3', 'HIGH', 34.8, 31, '2025-10-28 17:01:15', 'RESOLVED', NULL, NULL, '2025-10-28 17:01:26', '2025-10-28 10:01:19', 1),
(118, '3', 'data3', 'HIGH', 34.8, 31, '2025-10-28 17:01:16', 'RESOLVED', NULL, NULL, '2025-10-28 17:01:26', '2025-10-28 10:01:20', 1),
(119, '3', 'data3', 'HIGH', 34.8, 31, '2025-10-28 17:01:16', 'RESOLVED', NULL, NULL, '2025-10-28 17:01:26', '2025-10-28 10:01:20', 1),
(120, '3', 'data3', 'HIGH', 35, 31, '2025-10-29 00:16:10', 'RESOLVED', NULL, NULL, '2025-10-29 00:16:50', '2025-10-28 17:16:10', 1),
(121, '3', 'data2', 'HIGH', 31.6, 31, '2025-10-29 00:18:10', 'RESOLVED', NULL, NULL, '2025-10-29 00:18:51', '2025-10-28 17:18:11', 1),
(122, '3', 'data3', 'HIGH', 34.8, 31, '2025-10-29 00:27:00', 'RESOLVED', NULL, NULL, '2025-10-29 00:28:56', '2025-10-28 17:27:01', 1),
(123, '3', 'data2', 'HIGH', 34.4, 31, '2025-10-29 00:27:21', 'RESOLVED', NULL, NULL, '2025-10-29 00:28:56', '2025-10-28 17:27:21', 1),
(124, '1', 'data2', 'HIGH', 285.9, 90, '2025-10-29 00:28:35', 'RESOLVED', NULL, NULL, '2025-10-29 00:34:29', '2025-10-28 17:28:35', 1),
(125, '1', 'data3', 'HIGH', 282, 90, '2025-10-29 00:28:35', 'RESOLVED', NULL, NULL, '2025-10-29 00:34:29', '2025-10-28 17:28:35', 1),
(126, '1', 'data4', 'HIGH', 237.6, 40, '2025-10-29 00:28:35', 'RESOLVED', NULL, NULL, '2025-10-29 00:34:29', '2025-10-28 17:28:35', 1),
(127, '1', 'data5', 'HIGH', 238.8, 40, '2025-10-29 00:28:35', 'RESOLVED', NULL, NULL, '2025-10-29 00:34:29', '2025-10-28 17:28:35', 1),
(128, '1', 'data6', 'HIGH', 231.1, 40, '2025-10-29 00:28:35', 'RESOLVED', NULL, NULL, '2025-10-29 00:34:29', '2025-10-28 17:28:35', 1),
(129, '1', 'data7', 'HIGH', 233.1, 40, '2025-10-29 00:28:35', 'RESOLVED', NULL, NULL, '2025-10-29 00:34:29', '2025-10-28 17:28:36', 1),
(130, '1', 'data8', 'HIGH', 282.9, 90, '2025-10-29 00:28:35', 'RESOLVED', NULL, NULL, '2025-10-29 00:34:29', '2025-10-28 17:28:36', 1),
(131, '1', 'data9', 'HIGH', 288.8, 90, '2025-10-29 00:28:35', 'RESOLVED', NULL, NULL, '2025-10-29 00:34:29', '2025-10-28 17:28:36', 1),
(132, '3', 'data2', 'HIGH', 33, 31, '2025-10-29 00:29:56', 'RESOLVED', NULL, NULL, '2025-10-29 00:30:37', '2025-10-28 17:29:56', 1),
(133, '3', 'data3', 'HIGH', 32.3, 31, '2025-10-29 00:31:18', 'RESOLVED', NULL, NULL, '2025-10-29 00:32:20', '2025-10-28 17:31:19', 1),
(134, '3', 'data2', 'HIGH', 33.7, 31, '2025-10-29 00:32:00', 'RESOLVED', NULL, NULL, '2025-10-29 00:33:16', '2025-10-28 17:32:00', 1),
(135, '3', 'data2', 'HIGH', 32.8, 31, '2025-10-29 00:36:52', 'RESOLVED', NULL, NULL, '2025-10-29 00:37:29', '2025-10-28 17:36:53', 1),
(136, '3', 'data3', 'HIGH', 31.3, 31, '2025-10-29 00:38:34', 'RESOLVED', NULL, NULL, '2025-10-29 00:40:16', '2025-10-28 17:38:34', 1),
(137, '3', 'data2', 'HIGH', 34.2, 31, '2025-10-29 00:40:16', 'RESOLVED', NULL, NULL, '2025-10-29 00:41:30', '2025-10-28 17:40:16', 1),
(138, '3', 'data3', 'HIGH', 34.9, 31, '2025-10-29 00:43:39', 'RESOLVED', NULL, NULL, '2025-10-29 00:45:01', '2025-10-28 17:43:39', 1),
(139, '3', 'data2', 'HIGH', 33, 31, '2025-10-29 14:01:06', 'RESOLVED', NULL, NULL, '2025-10-29 14:02:08', '2025-10-29 07:01:07', 1),
(140, '3', 'data3', 'HIGH', 34.2, 31, '2025-10-29 14:01:48', 'RESOLVED', NULL, NULL, '2025-10-29 14:02:50', '2025-10-29 07:01:48', 1),
(141, '3', 'data3', 'HIGH', 31.7, 31, '2025-10-29 14:03:31', 'RESOLVED', NULL, NULL, '2025-10-29 14:30:22', '2025-10-29 07:03:32', 1),
(142, '3', 'data2', 'HIGH', 35, 31, '2025-10-29 14:31:24', 'RESOLVED', NULL, NULL, '2025-10-29 14:33:07', '2025-10-29 07:31:24', 1),
(143, '3', 'data3', 'HIGH', 32.9, 31, '2025-10-29 14:31:24', 'RESOLVED', NULL, NULL, '2025-10-29 14:31:44', '2025-10-29 07:31:24', 1),
(144, '3', 'data2', 'HIGH', 35, 31, '2025-10-29 14:31:24', 'RESOLVED', NULL, NULL, '2025-10-29 14:33:07', '2025-10-29 07:31:25', 1),
(145, '3', 'data3', 'HIGH', 32.9, 31, '2025-10-29 14:31:24', 'RESOLVED', NULL, NULL, '2025-10-29 14:31:44', '2025-10-29 07:31:25', 1),
(146, '3', 'data2', 'HIGH', 35, 31, '2025-10-29 14:31:24', 'RESOLVED', NULL, NULL, '2025-10-29 14:33:07', '2025-10-29 07:31:25', 1),
(147, '3', 'data3', 'HIGH', 32.9, 31, '2025-10-29 14:31:24', 'RESOLVED', NULL, NULL, '2025-10-29 14:31:44', '2025-10-29 07:31:25', 1),
(148, '3', 'data2', 'HIGH', 35, 31, '2025-10-29 14:31:25', 'RESOLVED', NULL, NULL, '2025-10-29 14:33:07', '2025-10-29 07:31:25', 1),
(149, '3', 'data3', 'HIGH', 32.9, 31, '2025-10-29 14:31:25', 'RESOLVED', NULL, NULL, '2025-10-29 14:31:44', '2025-10-29 07:31:25', 1),
(150, '3', 'data2', 'HIGH', 34, 31, '2025-10-29 14:33:48', 'RESOLVED', NULL, NULL, '2025-10-29 14:34:23', '2025-10-29 07:33:48', 1),
(151, '3', 'data2', 'HIGH', 34, 31, '2025-10-29 14:33:49', 'RESOLVED', NULL, NULL, '2025-10-29 14:34:23', '2025-10-29 07:33:49', 1),
(152, '3', 'data2', 'HIGH', 34, 31, '2025-10-29 14:33:49', 'RESOLVED', NULL, NULL, '2025-10-29 14:34:23', '2025-10-29 07:33:50', 1),
(153, '3', 'data2', 'HIGH', 34, 31, '2025-10-29 14:33:49', 'RESOLVED', NULL, NULL, '2025-10-29 14:34:23', '2025-10-29 07:33:50', 1),
(154, '3', 'data3', 'HIGH', 33.3, 31, '2025-10-29 14:34:08', 'RESOLVED', NULL, NULL, '2025-10-29 14:34:22', '2025-10-29 07:34:09', 1),
(155, '3', 'data3', 'HIGH', 33.3, 31, '2025-10-29 14:34:09', 'RESOLVED', NULL, NULL, '2025-10-29 14:34:22', '2025-10-29 07:34:10', 1),
(156, '3', 'data3', 'HIGH', 33.3, 31, '2025-10-29 14:34:10', 'RESOLVED', NULL, NULL, '2025-10-29 14:34:22', '2025-10-29 07:34:11', 1),
(157, '3', 'data3', 'HIGH', 33.3, 31, '2025-10-29 14:34:10', 'RESOLVED', NULL, NULL, '2025-10-29 14:34:22', '2025-10-29 07:34:11', 1),
(158, '3', 'data3', 'HIGH', 31.1, 31, '2025-10-29 14:35:10', 'RESOLVED', NULL, NULL, '2025-10-29 14:35:22', '2025-10-29 07:35:11', 1),
(159, '3', 'data3', 'HIGH', 31.1, 31, '2025-10-29 14:35:11', 'RESOLVED', NULL, NULL, '2025-10-29 14:35:22', '2025-10-29 07:35:12', 1),
(160, '3', 'data3', 'HIGH', 31.1, 31, '2025-10-29 14:35:12', 'RESOLVED', NULL, NULL, '2025-10-29 14:35:22', '2025-10-29 07:35:13', 1),
(161, '3', 'data3', 'HIGH', 31.1, 31, '2025-10-29 14:35:12', 'RESOLVED', NULL, NULL, '2025-10-29 14:35:22', '2025-10-29 07:35:13', 1),
(162, '3', 'data2', 'HIGH', 31.1, 31, '2025-10-29 14:36:12', 'RESOLVED', NULL, NULL, '2025-10-29 14:36:23', '2025-10-29 07:36:13', 1),
(163, '3', 'data2', 'HIGH', 31.1, 31, '2025-10-29 14:36:13', 'RESOLVED', NULL, NULL, '2025-10-29 14:36:23', '2025-10-29 07:36:14', 1),
(164, '3', 'data2', 'HIGH', 31.1, 31, '2025-10-29 14:36:14', 'RESOLVED', NULL, NULL, '2025-10-29 14:36:23', '2025-10-29 07:36:15', 1),
(165, '3', 'data2', 'HIGH', 31.1, 31, '2025-10-29 14:36:14', 'RESOLVED', NULL, NULL, '2025-10-29 14:36:23', '2025-10-29 07:36:15', 1),
(166, '3', 'data2', 'HIGH', 32.9, 31, '2025-10-29 14:37:15', 'RESOLVED', NULL, NULL, '2025-10-29 14:37:23', '2025-10-29 07:37:15', 1),
(167, '3', 'data2', 'HIGH', 32.9, 31, '2025-10-29 14:37:15', 'RESOLVED', NULL, NULL, '2025-10-29 14:37:23', '2025-10-29 07:37:16', 1),
(168, '3', 'data2', 'HIGH', 32.9, 31, '2025-10-29 14:37:17', 'RESOLVED', NULL, NULL, '2025-10-29 14:37:23', '2025-10-29 07:37:18', 1),
(169, '3', 'data2', 'HIGH', 32.9, 31, '2025-10-29 14:37:17', 'RESOLVED', NULL, NULL, '2025-10-29 14:37:23', '2025-10-29 07:37:18', 1),
(170, '3', 'data2', 'HIGH', 32.4, 31, '2025-10-29 14:38:57', 'RESOLVED', NULL, NULL, '2025-10-29 14:39:41', '2025-10-29 07:38:59', 1),
(171, '3', 'data2', 'HIGH', 32.4, 31, '2025-10-29 14:38:58', 'RESOLVED', NULL, NULL, '2025-10-29 14:39:41', '2025-10-29 07:38:59', 1),
(172, '3', 'data2', 'HIGH', 31.1, 31, '2025-10-29 14:39:14', 'RESOLVED', NULL, NULL, '2025-10-29 14:39:41', '2025-10-29 07:39:15', 1),
(173, '3', 'data2', 'HIGH', 32.8, 31, '2025-10-29 14:39:36', 'RESOLVED', NULL, NULL, '2025-10-29 14:39:41', '2025-10-29 07:39:38', 1),
(174, '3', 'data3', 'HIGH', 31.9, 31, '2025-10-29 14:40:28', 'RESOLVED', NULL, NULL, '2025-10-29 14:40:38', '2025-10-29 07:40:29', 1),
(175, '3', 'data3', 'HIGH', 31.9, 31, '2025-10-29 14:40:28', 'RESOLVED', NULL, NULL, '2025-10-29 14:40:38', '2025-10-29 07:40:29', 1),
(176, '1', 'data3', 'LOW', 75.7, 80, '2025-11-26 14:06:59', 'RESOLVED', NULL, NULL, '2025-11-26 23:03:12', '2025-11-26 07:07:03', 1),
(177, '1', 'data9', 'LOW', 64.2, 80, '2025-11-26 14:06:59', 'RESOLVED', NULL, NULL, '2025-11-26 23:03:12', '2025-11-26 07:07:04', 1),
(178, '2', 'data2', 'LOW', 24.2, 70, '2025-11-26 14:06:59', 'RESOLVED', NULL, NULL, '2025-11-26 23:03:12', '2025-11-26 07:07:04', 1),
(179, '2', 'data3', 'LOW', 24.2, 70, '2025-11-26 14:06:59', 'RESOLVED', NULL, NULL, '2025-11-26 23:03:12', '2025-11-26 07:07:04', 1),
(180, '2', 'data4', 'LOW', 24.2, 50, '2025-11-26 14:06:59', 'RESOLVED', NULL, NULL, '2025-11-26 23:03:12', '2025-11-26 07:07:04', 1),
(181, '2', 'data5', 'LOW', 24.2, 50, '2025-11-26 14:06:59', 'RESOLVED', NULL, NULL, '2025-11-26 23:03:12', '2025-11-26 07:07:04', 1),
(182, '2', 'data6', 'HIGH', 64.6, 55, '2025-11-26 14:06:59', 'RESOLVED', NULL, NULL, '2025-11-26 23:03:12', '2025-11-26 07:07:04', 1),
(183, '2', 'data7', 'HIGH', 65.8, 55, '2025-11-26 14:06:59', 'RESOLVED', NULL, NULL, '2025-11-26 23:03:12', '2025-11-26 07:07:04', 1),
(184, '2', 'data8', 'LOW', 53.7, 60, '2025-11-26 14:06:59', 'RESOLVED', NULL, NULL, '2025-11-26 14:08:20', '2025-11-26 07:07:04', 1),
(185, '2', 'data9', 'LOW', 52.3, 60, '2025-11-26 14:06:59', 'RESOLVED', NULL, NULL, '2025-11-26 14:08:46', '2025-11-26 07:07:04', 1),
(186, '3', 'data2', 'LOW', 14.8, 25, '2025-11-26 14:06:59', 'RESOLVED', NULL, NULL, '2025-11-26 14:10:45', '2025-11-26 07:07:04', 1),
(187, '3', 'data3', 'LOW', 13.4, 25, '2025-11-26 14:06:59', 'RESOLVED', NULL, NULL, '2025-11-26 14:07:45', '2025-11-26 07:07:04', 1),
(188, '4', 'data2', 'LOW', 30.5, 80, '2025-11-26 14:06:59', 'RESOLVED', NULL, NULL, '2025-11-26 23:03:12', '2025-11-26 07:07:04', 1),
(189, '4', 'data3', 'LOW', 30.4, 80, '2025-11-26 14:06:59', 'RESOLVED', NULL, NULL, '2025-11-26 23:03:12', '2025-11-26 07:07:04', 1),
(190, '4', 'data8', 'LOW', 39.5, 80, '2025-11-26 14:06:59', 'RESOLVED', NULL, NULL, '2025-11-26 23:03:12', '2025-11-26 07:07:04', 1),
(191, '4', 'data9', 'LOW', 36.5, 80, '2025-11-26 14:06:59', 'RESOLVED', NULL, NULL, '2025-11-26 23:03:12', '2025-11-26 07:07:04', 1),
(192, '5', 'data2', 'LOW', 0, 70, '2025-11-26 14:06:59', 'RESOLVED', NULL, NULL, '2025-11-26 23:03:12', '2025-11-26 07:07:04', 1),
(193, '5', 'data3', 'LOW', 0, 70, '2025-11-26 14:06:59', 'RESOLVED', NULL, NULL, '2025-11-26 23:03:12', '2025-11-26 07:07:04', 1),
(194, '5', 'data4', 'HIGH', 96.1, 55, '2025-11-26 14:06:59', 'RESOLVED', NULL, NULL, '2025-11-26 23:03:12', '2025-11-26 07:07:04', 1),
(195, '5', 'data5', 'LOW', 0, 50, '2025-11-26 14:06:59', 'RESOLVED', NULL, NULL, '2025-11-26 23:03:12', '2025-11-26 07:07:04', 1),
(196, '5', 'data6', 'HIGH', 200, 55, '2025-11-26 14:06:59', 'RESOLVED', NULL, NULL, '2025-11-26 23:03:12', '2025-11-26 07:07:04', 1),
(197, '5', 'data7', 'LOW', 0, 50, '2025-11-26 14:06:59', 'RESOLVED', NULL, NULL, '2025-11-26 23:03:12', '2025-11-26 07:07:04', 1),
(198, '5', 'data8', 'HIGH', 97.7, 65, '2025-11-26 14:06:59', 'RESOLVED', NULL, NULL, '2025-11-26 23:03:12', '2025-11-26 07:07:04', 1),
(199, '5', 'data9', 'LOW', 12.3, 60, '2025-11-26 14:06:59', 'RESOLVED', NULL, NULL, '2025-11-26 23:03:12', '2025-11-26 07:07:04', 1),
(200, '6', 'data2', 'LOW', 24.2, 25, '2025-11-26 14:06:59', 'RESOLVED', NULL, NULL, '2025-11-26 23:03:12', '2025-11-26 07:07:04', 1),
(201, '6', 'data3', 'LOW', 24.2, 25, '2025-11-26 14:06:59', 'RESOLVED', NULL, NULL, '2025-11-26 23:03:12', '2025-11-26 07:07:04', 1),
(202, '3', 'data3', 'LOW', 12.6, 25, '2025-11-26 14:08:20', 'RESOLVED', NULL, NULL, '2025-11-26 14:15:27', '2025-11-26 07:08:23', 1),
(203, '2', 'data8', 'LOW', 52.1, 60, '2025-11-26 14:08:46', 'RESOLVED', NULL, NULL, '2025-11-26 14:09:39', '2025-11-26 07:08:49', 1),
(204, '2', 'data9', 'LOW', 51, 60, '2025-11-26 14:09:12', 'RESOLVED', NULL, NULL, '2025-11-26 14:18:17', '2025-11-26 07:09:16', 1),
(205, '2', 'data8', 'HIGH', 65.6, 65, '2025-11-26 14:10:05', 'RESOLVED', NULL, NULL, '2025-11-26 14:11:13', '2025-11-26 07:10:08', 1),
(206, '3', 'data2', 'LOW', 17.7, 25, '2025-11-26 14:11:13', 'RESOLVED', NULL, NULL, '2025-11-26 14:40:55', '2025-11-26 07:11:17', 1),
(207, '2', 'data8', 'LOW', 56.2, 60, '2025-11-26 14:11:41', 'RESOLVED', NULL, NULL, '2025-11-26 14:14:01', '2025-11-26 07:11:48', 1),
(208, '2', 'data8', 'LOW', 50.2, 60, '2025-11-26 14:14:41', 'RESOLVED', NULL, NULL, '2025-11-26 14:14:54', '2025-11-26 07:14:44', 1),
(209, '3', 'data3', 'LOW', 12, 25, '2025-11-26 14:15:53', 'RESOLVED', NULL, NULL, '2025-11-26 14:28:14', '2025-11-26 07:15:56', 1),
(210, '2', 'data8', 'LOW', 57.3, 60, '2025-11-26 14:16:19', 'RESOLVED', NULL, NULL, '2025-11-26 14:16:45', '2025-11-26 07:16:22', 1),
(211, '2', 'data8', 'HIGH', 65.9, 65, '2025-11-26 14:17:25', 'RESOLVED', NULL, NULL, '2025-11-26 14:18:17', '2025-11-26 07:17:28', 1),
(212, '2', 'data9', 'LOW', 51.1, 60, '2025-11-26 14:18:43', 'RESOLVED', NULL, NULL, '2025-11-26 14:24:08', '2025-11-26 07:18:46', 1),
(213, '2', 'data8', 'HIGH', 66.4, 65, '2025-11-26 14:19:22', 'RESOLVED', NULL, NULL, '2025-11-26 14:20:02', '2025-11-26 07:19:25', 1),
(214, '2', 'data8', 'LOW', 58.4, 60, '2025-11-26 14:20:27', 'RESOLVED', NULL, NULL, '2025-11-26 14:22:05', '2025-11-26 07:20:30', 1),
(215, '2', 'data8', 'HIGH', 66, 65, '2025-11-26 14:22:35', 'RESOLVED', NULL, NULL, '2025-11-26 14:25:09', '2025-11-26 07:22:38', 1),
(216, '2', 'data9', 'LOW', 51.4, 60, '2025-11-26 14:24:37', 'RESOLVED', NULL, NULL, '2025-11-26 14:28:01', '2025-11-26 07:24:41', 1),
(217, '2', 'data8', 'HIGH', 65.5, 65, '2025-11-26 14:26:14', 'RESOLVED', NULL, NULL, '2025-11-26 14:27:34', '2025-11-26 07:26:17', 1),
(218, '2', 'data8', 'HIGH', 66.9, 65, '2025-11-26 14:28:01', 'RESOLVED', NULL, NULL, '2025-11-26 14:28:41', '2025-11-26 07:28:04', 1),
(219, '2', 'data9', 'LOW', 49.8, 60, '2025-11-26 14:28:28', 'RESOLVED', NULL, NULL, '2025-11-26 14:33:52', '2025-11-26 07:28:31', 1),
(220, '3', 'data3', 'LOW', 10.5, 25, '2025-11-26 14:28:41', 'RESOLVED', NULL, NULL, '2025-11-26 14:34:33', '2025-11-26 07:28:45', 1),
(221, '2', 'data8', 'HIGH', 66, 65, '2025-11-26 14:29:08', 'RESOLVED', NULL, NULL, '2025-11-26 14:31:19', '2025-11-26 07:29:12', 1),
(222, '2', 'data8', 'HIGH', 65.8, 65, '2025-11-26 14:31:51', 'RESOLVED', NULL, NULL, '2025-11-26 14:32:45', '2025-11-26 07:31:54', 1),
(223, '2', 'data8', 'LOW', 54.3, 60, '2025-11-26 14:33:12', 'RESOLVED', NULL, NULL, '2025-11-26 14:33:22', '2025-11-26 07:33:15', 1),
(224, '2', 'data8', 'HIGH', 66.1, 65, '2025-11-26 14:34:19', 'RESOLVED', NULL, NULL, '2025-11-26 14:34:23', '2025-11-26 07:34:23', 1),
(225, '2', 'data9', 'LOW', 51.3, 60, '2025-11-26 14:34:19', 'RESOLVED', NULL, NULL, '2025-11-26 14:37:42', '2025-11-26 07:34:23', 1),
(226, '3', 'data3', 'LOW', 10.8, 25, '2025-11-26 14:34:59', 'RESOLVED', NULL, NULL, '2025-11-26 14:44:35', '2025-11-26 07:35:03', 1),
(227, '2', 'data8', 'LOW', 53.6, 60, '2025-11-26 14:37:15', 'RESOLVED', NULL, NULL, '2025-11-26 14:38:30', '2025-11-26 07:37:19', 1),
(228, '2', 'data9', 'LOW', 56, 60, '2025-11-26 14:38:11', 'RESOLVED', NULL, NULL, '2025-11-26 14:39:31', '2025-11-26 07:38:15', 1),
(229, '2', 'data8', 'HIGH', 67.2, 65, '2025-11-26 14:39:20', 'RESOLVED', NULL, NULL, '2025-11-26 14:41:36', '2025-11-26 07:39:23', 1),
(230, '2', 'data9', 'LOW', 51.6, 60, '2025-11-26 14:40:00', 'RESOLVED', NULL, NULL, '2025-11-26 14:51:02', '2025-11-26 07:40:04', 1),
(231, '3', 'data2', 'LOW', 10.5, 25, '2025-11-26 14:41:22', 'RESOLVED', NULL, NULL, '2025-11-26 14:44:39', '2025-11-26 07:41:26', 1),
(232, '2', 'data8', 'LOW', 59, 60, '2025-11-26 14:42:03', 'RESOLVED', NULL, NULL, '2025-11-26 14:42:58', '2025-11-26 07:42:06', 1),
(233, '2', 'data8', 'HIGH', 65.3, 65, '2025-11-26 14:43:26', 'RESOLVED', NULL, NULL, '2025-11-26 14:43:37', '2025-11-26 07:43:30', 1),
(234, '2', 'data8', 'HIGH', 66.7, 65, '2025-11-26 14:44:07', 'RESOLVED', NULL, NULL, '2025-11-26 14:45:02', '2025-11-26 07:44:11', 1),
(235, '3', 'data3', 'LOW', 11.5, 25, '2025-11-26 14:45:02', 'RESOLVED', NULL, NULL, '2025-11-26 15:20:42', '2025-11-26 07:45:06', 1),
(236, '3', 'data2', 'LOW', 17.9, 25, '2025-11-26 14:45:16', 'RESOLVED', NULL, NULL, '2025-11-26 23:03:12', '2025-11-26 07:45:20', 1),
(237, '2', 'data8', 'HIGH', 65.1, 65, '2025-11-26 14:45:43', 'RESOLVED', NULL, NULL, '2025-11-26 14:46:42', '2025-11-26 07:45:47', 1),
(238, '2', 'data8', 'LOW', 53.6, 60, '2025-11-26 14:48:28', 'RESOLVED', NULL, NULL, '2025-11-26 14:49:47', '2025-11-26 07:48:32', 1),
(239, '2', 'data8', 'HIGH', 65.4, 65, '2025-11-26 14:50:19', 'RESOLVED', NULL, NULL, '2025-11-26 14:50:49', '2025-11-26 07:50:23', 1),
(240, '2', 'data8', 'LOW', 52.9, 60, '2025-11-26 14:51:15', 'RESOLVED', NULL, NULL, '2025-11-26 14:53:23', '2025-11-26 07:51:19', 1),
(241, '2', 'data9', 'LOW', 59.2, 60, '2025-11-26 14:51:43', 'RESOLVED', NULL, NULL, '2025-11-26 14:56:24', '2025-11-26 07:51:47', 1),
(242, '2', 'data8', 'LOW', 52.6, 60, '2025-11-26 14:53:51', 'RESOLVED', NULL, NULL, '2025-11-26 14:54:56', '2025-11-26 07:53:55', 1),
(243, '2', 'data8', 'HIGH', 66.3, 65, '2025-11-26 14:55:29', 'RESOLVED', NULL, NULL, '2025-11-26 14:55:58', '2025-11-26 07:55:33', 1),
(244, '2', 'data8', 'HIGH', 65.1, 65, '2025-11-26 14:56:24', 'RESOLVED', NULL, NULL, '2025-11-26 14:57:48', '2025-11-26 07:56:29', 1),
(245, '2', 'data9', 'LOW', 51.4, 60, '2025-11-26 14:56:52', 'RESOLVED', NULL, NULL, '2025-11-26 15:04:31', '2025-11-26 07:56:56', 1),
(246, '2', 'data8', 'HIGH', 66.5, 65, '2025-11-26 14:58:16', 'RESOLVED', NULL, NULL, '2025-11-26 14:59:45', '2025-11-26 07:58:20', 1),
(247, '2', 'data8', 'LOW', 53.6, 60, '2025-11-26 15:00:17', 'RESOLVED', NULL, NULL, '2025-11-26 15:02:08', '2025-11-26 08:00:21', 1),
(248, '2', 'data8', 'HIGH', 66.8, 65, '2025-11-26 15:02:37', 'RESOLVED', NULL, NULL, '2025-11-26 15:04:02', '2025-11-26 08:02:41', 1),
(249, '2', 'data8', 'LOW', 59.9, 60, '2025-11-26 15:04:59', 'RESOLVED', NULL, NULL, '2025-11-26 15:06:10', '2025-11-26 08:05:03', 1),
(250, '2', 'data9', 'LOW', 58.5, 60, '2025-11-26 15:05:13', 'RESOLVED', NULL, NULL, '2025-11-26 15:15:26', '2025-11-26 08:05:18', 1),
(251, '2', 'data8', 'LOW', 53.7, 60, '2025-11-26 15:06:52', 'RESOLVED', NULL, NULL, '2025-11-26 15:07:49', '2025-11-26 08:06:56', 1),
(252, '2', 'data8', 'LOW', 57.2, 60, '2025-11-26 15:10:11', 'RESOLVED', NULL, NULL, '2025-11-26 15:10:54', '2025-11-26 08:10:15', 1),
(253, '2', 'data8', 'HIGH', 67.3, 65, '2025-11-26 15:11:37', 'RESOLVED', NULL, NULL, '2025-11-26 15:12:27', '2025-11-26 08:11:41', 1),
(254, '2', 'data8', 'LOW', 53.3, 60, '2025-11-26 15:13:17', 'RESOLVED', NULL, NULL, '2025-11-26 15:14:58', '2025-11-26 08:13:21', 1),
(255, '2', 'data8', 'LOW', 54.6, 60, '2025-11-26 15:15:26', 'RESOLVED', NULL, NULL, '2025-11-26 15:15:33', '2025-11-26 08:15:30', 1),
(256, '2', 'data9', 'LOW', 52.3, 60, '2025-11-26 15:15:55', 'RESOLVED', NULL, NULL, '2025-11-26 15:19:05', '2025-11-26 08:15:59', 1),
(257, '2', 'data8', 'HIGH', 66, 65, '2025-11-26 15:16:24', 'RESOLVED', NULL, NULL, '2025-11-26 15:16:34', '2025-11-26 08:16:28', 1),
(258, '2', 'data8', 'LOW', 57.8, 60, '2025-11-26 15:18:04', 'RESOLVED', NULL, NULL, '2025-11-26 15:21:15', '2025-11-26 08:18:09', 1),
(259, '2', 'data9', 'LOW', 55.5, 60, '2025-11-26 15:19:34', 'RESOLVED', NULL, NULL, '2025-11-26 15:20:42', '2025-11-26 08:19:39', 1),
(260, '3', 'data3', 'LOW', 14.5, 25, '2025-11-26 15:21:15', 'RESOLVED', NULL, NULL, '2025-11-26 23:03:12', '2025-11-26 08:21:19', 1),
(261, '2', 'data9', 'LOW', 58.2, 60, '2025-11-26 15:21:29', 'RESOLVED', NULL, NULL, '2025-11-26 15:22:57', '2025-11-26 08:21:34', 1),
(262, '2', 'data8', 'HIGH', 66.6, 65, '2025-11-26 15:21:44', 'RESOLVED', NULL, NULL, '2025-11-26 15:22:42', '2025-11-26 08:21:49', 1),
(263, '2', 'data8', 'LOW', 51.6, 60, '2025-11-26 15:23:12', 'RESOLVED', NULL, NULL, '2025-11-26 15:24:24', '2025-11-26 08:23:16', 1),
(264, '2', 'data9', 'LOW', 54, 60, '2025-11-26 15:23:26', 'RESOLVED', NULL, NULL, '2025-11-26 15:52:39', '2025-11-26 08:23:30', 1),
(265, '2', 'data8', 'LOW', 51.4, 60, '2025-11-26 15:25:07', 'RESOLVED', NULL, NULL, '2025-11-26 23:03:12', '2025-11-26 08:25:12', 1),
(266, '1', 'data3', 'LOW', 74.4, 80, '2025-11-26 15:51:52', 'RESOLVED', NULL, NULL, '2025-11-26 23:03:12', '2025-11-26 08:51:58', 1),
(267, '1', 'data9', 'LOW', 64.2, 80, '2025-11-26 15:51:52', 'RESOLVED', NULL, NULL, '2025-11-26 23:03:12', '2025-11-26 08:51:58', 1),
(268, '2', 'data2', 'LOW', 24.2, 70, '2025-11-26 15:51:52', 'RESOLVED', NULL, NULL, '2025-11-26 23:03:12', '2025-11-26 08:51:58', 1),
(269, '2', 'data3', 'LOW', 24.2, 70, '2025-11-26 15:51:52', 'RESOLVED', NULL, NULL, '2025-11-26 23:03:12', '2025-11-26 08:51:58', 1),
(270, '2', 'data4', 'LOW', 24.2, 50, '2025-11-26 15:51:52', 'RESOLVED', NULL, NULL, '2025-11-26 23:03:12', '2025-11-26 08:51:58', 1),
(271, '2', 'data5', 'LOW', 24.2, 50, '2025-11-26 15:51:52', 'RESOLVED', NULL, NULL, '2025-11-26 23:03:12', '2025-11-26 08:51:58', 1),
(272, '2', 'data6', 'HIGH', 64.6, 55, '2025-11-26 15:51:52', 'RESOLVED', NULL, NULL, '2025-11-26 23:03:12', '2025-11-26 08:51:58', 1),
(273, '2', 'data7', 'HIGH', 65.8, 55, '2025-11-26 15:51:52', 'RESOLVED', NULL, NULL, '2025-11-26 23:03:12', '2025-11-26 08:51:58', 1),
(274, '2', 'data8', 'LOW', 54.4, 60, '2025-11-26 15:51:52', 'RESOLVED', NULL, NULL, '2025-11-26 23:03:12', '2025-11-26 08:51:58', 1),
(275, '2', 'data9', 'LOW', 58.5, 60, '2025-11-26 15:51:52', 'RESOLVED', NULL, NULL, '2025-11-26 15:52:39', '2025-11-26 08:51:58', 1),
(276, '3', 'data2', 'LOW', 13.7, 25, '2025-11-26 15:51:52', 'RESOLVED', NULL, NULL, '2025-11-26 23:03:12', '2025-11-26 08:51:58', 1),
(277, '3', 'data3', 'LOW', 14.4, 25, '2025-11-26 15:51:52', 'RESOLVED', NULL, NULL, '2025-11-26 23:03:12', '2025-11-26 08:51:58', 1),
(278, '4', 'data2', 'HIGH', 94.4, 90, '2025-11-26 15:51:52', 'RESOLVED', NULL, NULL, '2025-11-26 23:03:12', '2025-11-26 08:51:58', 1),
(279, '4', 'data3', 'HIGH', 98.7, 90, '2025-11-26 15:51:52', 'RESOLVED', NULL, NULL, '2025-11-26 23:03:12', '2025-11-26 08:51:58', 1),
(280, '4', 'data8', 'LOW', 39.5, 80, '2025-11-26 15:51:52', 'RESOLVED', NULL, NULL, '2025-11-26 23:03:12', '2025-11-26 08:51:58', 1),
(281, '4', 'data9', 'LOW', 36.5, 80, '2025-11-26 15:51:52', 'RESOLVED', NULL, NULL, '2025-11-26 23:03:12', '2025-11-26 08:51:58', 1),
(282, '5', 'data2', 'LOW', 0, 70, '2025-11-26 15:51:52', 'RESOLVED', NULL, NULL, '2025-11-26 23:03:12', '2025-11-26 08:51:58', 1),
(283, '5', 'data3', 'LOW', 0, 70, '2025-11-26 15:51:52', 'RESOLVED', NULL, NULL, '2025-11-26 23:03:12', '2025-11-26 08:51:58', 1),
(284, '5', 'data4', 'HIGH', 106.4, 55, '2025-11-26 15:51:52', 'RESOLVED', NULL, NULL, '2025-11-26 23:03:12', '2025-11-26 08:51:58', 1),
(285, '5', 'data5', 'LOW', 0, 50, '2025-11-26 15:51:52', 'RESOLVED', NULL, NULL, '2025-11-26 23:03:12', '2025-11-26 08:51:58', 1),
(286, '5', 'data6', 'HIGH', 200, 55, '2025-11-26 15:51:52', 'RESOLVED', NULL, NULL, '2025-11-26 23:03:12', '2025-11-26 08:51:58', 1),
(287, '5', 'data7', 'LOW', 0, 50, '2025-11-26 15:51:52', 'RESOLVED', NULL, NULL, '2025-11-26 23:03:12', '2025-11-26 08:51:58', 1),
(288, '5', 'data8', 'HIGH', 99.9, 65, '2025-11-26 15:51:52', 'RESOLVED', NULL, NULL, '2025-11-26 23:03:12', '2025-11-26 08:51:58', 1),
(289, '5', 'data9', 'LOW', 12.3, 60, '2025-11-26 15:51:52', 'RESOLVED', NULL, NULL, '2025-11-26 23:03:12', '2025-11-26 08:51:58', 1),
(290, '6', 'data2', 'LOW', 24.2, 25, '2025-11-26 15:51:52', 'RESOLVED', NULL, NULL, '2025-11-26 23:03:12', '2025-11-26 08:51:58', 1),
(291, '6', 'data3', 'LOW', 24.2, 25, '2025-11-26 15:51:52', 'RESOLVED', NULL, NULL, '2025-11-26 23:03:12', '2025-11-26 08:51:58', 1),
(292, '1', 'data2', 'LOW', 78.4, 80, '2025-11-26 15:52:41', 'RESOLVED', NULL, NULL, '2025-11-26 23:03:12', '2025-11-26 08:52:46', 1),
(293, '1', 'data2', 'LOW', 53, 80, '2025-11-26 16:31:18', 'RESOLVED', NULL, NULL, '2025-11-26 23:03:12', '2025-11-26 09:31:32', 1),
(294, '1', 'data3', 'LOW', 51.3, 80, '2025-11-26 16:31:18', 'RESOLVED', NULL, NULL, '2025-11-26 23:03:12', '2025-11-26 09:31:32', 1),
(295, '1', 'data9', 'LOW', 64.2, 80, '2025-11-26 16:31:18', 'RESOLVED', NULL, NULL, '2025-11-26 23:03:12', '2025-11-26 09:31:32', 1),
(296, '2', 'data2', 'LOW', 24.2, 70, '2025-11-26 16:31:18', 'RESOLVED', NULL, NULL, '2025-11-26 23:03:12', '2025-11-26 09:31:32', 1),
(297, '2', 'data3', 'LOW', 24.2, 70, '2025-11-26 16:31:18', 'RESOLVED', NULL, NULL, '2025-11-26 23:03:12', '2025-11-26 09:31:32', 1),
(298, '2', 'data4', 'LOW', 24.2, 50, '2025-11-26 16:31:18', 'RESOLVED', NULL, NULL, '2025-11-26 23:03:12', '2025-11-26 09:31:32', 1),
(299, '2', 'data5', 'LOW', 24.2, 50, '2025-11-26 16:31:18', 'RESOLVED', NULL, NULL, '2025-11-26 23:03:12', '2025-11-26 09:31:32', 1),
(300, '2', 'data6', 'HIGH', 64.6, 55, '2025-11-26 16:31:18', 'RESOLVED', NULL, NULL, '2025-11-26 23:03:12', '2025-11-26 09:31:32', 1),
(301, '2', 'data7', 'HIGH', 65.8, 55, '2025-11-26 16:31:18', 'RESOLVED', NULL, NULL, '2025-11-26 23:03:12', '2025-11-26 09:31:32', 1),
(302, '2', 'data8', 'LOW', 22.7, 60, '2025-11-26 16:31:18', 'RESOLVED', NULL, NULL, '2025-11-26 23:03:12', '2025-11-26 09:31:32', 1),
(303, '2', 'data9', 'LOW', 32.7, 60, '2025-11-26 16:31:18', 'RESOLVED', NULL, NULL, '2025-11-26 23:03:12', '2025-11-26 09:31:32', 1),
(304, '3', 'data2', 'LOW', 14.9, 25, '2025-11-26 16:31:18', 'RESOLVED', NULL, NULL, '2025-11-26 23:03:12', '2025-11-26 09:31:32', 1),
(305, '3', 'data3', 'LOW', 13.3, 25, '2025-11-26 16:31:18', 'RESOLVED', NULL, NULL, '2025-11-26 23:03:12', '2025-11-26 09:31:32', 1),
(306, '1', 'data2', 'LOW', 53, 80, '2025-11-26 16:31:18', 'RESOLVED', NULL, NULL, '2025-11-26 23:03:12', '2025-11-26 09:31:32', 1),
(307, '4', 'data2', 'HIGH', 94.3, 90, '2025-11-26 16:31:18', 'RESOLVED', NULL, NULL, '2025-11-26 23:03:12', '2025-11-26 09:31:32', 1),
(308, '1', 'data3', 'LOW', 51.3, 80, '2025-11-26 16:31:18', 'RESOLVED', NULL, NULL, '2025-11-26 23:03:12', '2025-11-26 09:31:32', 1),
(309, '4', 'data3', 'HIGH', 98.6, 90, '2025-11-26 16:31:18', 'RESOLVED', NULL, NULL, '2025-11-26 23:03:12', '2025-11-26 09:31:32', 1),
(310, '4', 'data8', 'LOW', 39.5, 80, '2025-11-26 16:31:18', 'RESOLVED', NULL, NULL, '2025-11-26 23:03:12', '2025-11-26 09:31:32', 1),
(311, '1', 'data9', 'LOW', 64.2, 80, '2025-11-26 16:31:18', 'RESOLVED', NULL, NULL, '2025-11-26 23:03:12', '2025-11-26 09:31:32', 1),
(312, '2', 'data2', 'LOW', 24.2, 70, '2025-11-26 16:31:18', 'RESOLVED', NULL, NULL, '2025-11-26 23:03:12', '2025-11-26 09:31:32', 1),
(313, '4', 'data9', 'LOW', 36.5, 80, '2025-11-26 16:31:18', 'RESOLVED', NULL, NULL, '2025-11-26 23:03:12', '2025-11-26 09:31:32', 1),
(314, '2', 'data3', 'LOW', 24.2, 70, '2025-11-26 16:31:18', 'RESOLVED', NULL, NULL, '2025-11-26 23:03:12', '2025-11-26 09:31:32', 1),
(315, '5', 'data2', 'LOW', 0, 70, '2025-11-26 16:31:18', 'RESOLVED', NULL, NULL, '2025-11-26 23:03:12', '2025-11-26 09:31:32', 1),
(316, '2', 'data4', 'LOW', 24.2, 50, '2025-11-26 16:31:18', 'RESOLVED', NULL, NULL, '2025-11-26 23:03:12', '2025-11-26 09:31:32', 1),
(317, '5', 'data3', 'LOW', 0, 70, '2025-11-26 16:31:18', 'RESOLVED', NULL, NULL, '2025-11-26 23:03:12', '2025-11-26 09:31:32', 1),
(318, '2', 'data5', 'LOW', 24.2, 50, '2025-11-26 16:31:18', 'RESOLVED', NULL, NULL, '2025-11-26 23:03:12', '2025-11-26 09:31:32', 1),
(319, '5', 'data4', 'HIGH', 96.3, 55, '2025-11-26 16:31:18', 'RESOLVED', NULL, NULL, '2025-11-26 23:03:12', '2025-11-26 09:31:32', 1),
(320, '2', 'data6', 'HIGH', 64.6, 55, '2025-11-26 16:31:18', 'RESOLVED', NULL, NULL, '2025-11-26 23:03:12', '2025-11-26 09:31:32', 1),
(321, '5', 'data5', 'LOW', 0, 50, '2025-11-26 16:31:18', 'RESOLVED', NULL, NULL, '2025-11-26 23:03:12', '2025-11-26 09:31:32', 1),
(322, '2', 'data7', 'HIGH', 65.8, 55, '2025-11-26 16:31:18', 'RESOLVED', NULL, NULL, '2025-11-26 23:03:12', '2025-11-26 09:31:32', 1),
(323, '5', 'data6', 'HIGH', 200, 55, '2025-11-26 16:31:18', 'RESOLVED', NULL, NULL, '2025-11-26 23:03:12', '2025-11-26 09:31:32', 1),
(324, '2', 'data8', 'LOW', 22.7, 60, '2025-11-26 16:31:18', 'RESOLVED', NULL, NULL, '2025-11-26 23:03:12', '2025-11-26 09:31:32', 1),
(325, '5', 'data7', 'LOW', 0, 50, '2025-11-26 16:31:18', 'RESOLVED', NULL, NULL, '2025-11-26 23:03:12', '2025-11-26 09:31:32', 1),
(326, '2', 'data9', 'LOW', 32.7, 60, '2025-11-26 16:31:18', 'RESOLVED', NULL, NULL, '2025-11-26 23:03:12', '2025-11-26 09:31:32', 1),
(327, '5', 'data8', 'HIGH', 100.5, 65, '2025-11-26 16:31:18', 'RESOLVED', NULL, NULL, '2025-11-26 23:03:12', '2025-11-26 09:31:32', 1),
(328, '3', 'data2', 'LOW', 14.9, 25, '2025-11-26 16:31:18', 'RESOLVED', NULL, NULL, '2025-11-26 23:03:12', '2025-11-26 09:31:32', 1),
(329, '5', 'data9', 'LOW', 12.3, 60, '2025-11-26 16:31:18', 'RESOLVED', NULL, NULL, '2025-11-26 23:03:12', '2025-11-26 09:31:32', 1),
(330, '3', 'data3', 'LOW', 13.3, 25, '2025-11-26 16:31:18', 'RESOLVED', NULL, NULL, '2025-11-26 23:03:12', '2025-11-26 09:31:32', 1),
(331, '6', 'data2', 'LOW', 24.2, 25, '2025-11-26 16:31:18', 'RESOLVED', NULL, NULL, '2025-11-26 23:03:12', '2025-11-26 09:31:32', 1),
(332, '4', 'data2', 'HIGH', 94.3, 90, '2025-11-26 16:31:18', 'RESOLVED', NULL, NULL, '2025-11-26 23:03:12', '2025-11-26 09:31:32', 1),
(333, '6', 'data3', 'LOW', 24.2, 25, '2025-11-26 16:31:18', 'RESOLVED', NULL, NULL, '2025-11-26 23:03:12', '2025-11-26 09:31:32', 1),
(334, '4', 'data3', 'HIGH', 98.6, 90, '2025-11-26 16:31:18', 'RESOLVED', NULL, NULL, '2025-11-26 23:03:12', '2025-11-26 09:31:32', 1),
(335, '4', 'data8', 'LOW', 39.5, 80, '2025-11-26 16:31:18', 'RESOLVED', NULL, NULL, '2025-11-26 23:03:12', '2025-11-26 09:31:32', 1),
(336, '4', 'data9', 'LOW', 36.5, 80, '2025-11-26 16:31:18', 'RESOLVED', NULL, NULL, '2025-11-26 23:03:12', '2025-11-26 09:31:32', 1),
(337, '5', 'data2', 'LOW', 0, 70, '2025-11-26 16:31:18', 'RESOLVED', NULL, NULL, '2025-11-26 23:03:12', '2025-11-26 09:31:32', 1),
(338, '5', 'data3', 'LOW', 0, 70, '2025-11-26 16:31:18', 'RESOLVED', NULL, NULL, '2025-11-26 23:03:12', '2025-11-26 09:31:32', 1),
(339, '5', 'data4', 'HIGH', 96.3, 55, '2025-11-26 16:31:18', 'RESOLVED', NULL, NULL, '2025-11-26 23:03:12', '2025-11-26 09:31:32', 1),
(340, '5', 'data5', 'LOW', 0, 50, '2025-11-26 16:31:18', 'RESOLVED', NULL, NULL, '2025-11-26 23:03:12', '2025-11-26 09:31:32', 1),
(341, '5', 'data6', 'HIGH', 200, 55, '2025-11-26 16:31:18', 'RESOLVED', NULL, NULL, '2025-11-26 23:03:12', '2025-11-26 09:31:32', 1),
(342, '5', 'data7', 'LOW', 0, 50, '2025-11-26 16:31:18', 'RESOLVED', NULL, NULL, '2025-11-26 23:03:12', '2025-11-26 09:31:32', 1),
(343, '5', 'data8', 'HIGH', 100.5, 65, '2025-11-26 16:31:18', 'RESOLVED', NULL, NULL, '2025-11-26 23:03:12', '2025-11-26 09:31:32', 1),
(344, '5', 'data9', 'LOW', 12.3, 60, '2025-11-26 16:31:18', 'RESOLVED', NULL, NULL, '2025-11-26 23:03:12', '2025-11-26 09:31:32', 1),
(345, '6', 'data2', 'LOW', 24.2, 25, '2025-11-26 16:31:18', 'RESOLVED', NULL, NULL, '2025-11-26 23:03:12', '2025-11-26 09:31:32', 1),
(346, '6', 'data3', 'LOW', 24.2, 25, '2025-11-26 16:31:18', 'RESOLVED', NULL, NULL, '2025-11-26 23:03:12', '2025-11-26 09:31:32', 1),
(347, '1', 'data2', 'LOW', 52.9, 80, '2025-11-26 16:31:34', 'RESOLVED', NULL, NULL, '2025-11-26 23:03:12', '2025-11-26 09:31:47', 1),
(348, '1', 'data3', 'LOW', 51.3, 80, '2025-11-26 16:31:34', 'RESOLVED', NULL, NULL, '2025-11-26 23:03:12', '2025-11-26 09:31:47', 1),
(349, '1', 'data2', 'LOW', 52.9, 80, '2025-11-26 16:31:34', 'RESOLVED', NULL, NULL, '2025-11-26 23:03:12', '2025-11-26 09:31:47', 1),
(350, '1', 'data3', 'LOW', 51.3, 80, '2025-11-26 16:31:34', 'RESOLVED', NULL, NULL, '2025-11-26 23:03:12', '2025-11-26 09:31:47', 1),
(351, '1', 'data9', 'LOW', 64.2, 80, '2025-11-26 16:31:34', 'RESOLVED', NULL, NULL, '2025-11-26 23:03:12', '2025-11-26 09:31:47', 1),
(352, '2', 'data2', 'LOW', 24.2, 70, '2025-11-26 16:31:34', 'RESOLVED', NULL, NULL, '2025-11-26 23:03:12', '2025-11-26 09:31:47', 1),
(353, '1', 'data9', 'LOW', 64.2, 80, '2025-11-26 16:31:34', 'RESOLVED', NULL, NULL, '2025-11-26 23:03:12', '2025-11-26 09:31:47', 1),
(354, '2', 'data3', 'LOW', 24.2, 70, '2025-11-26 16:31:34', 'RESOLVED', NULL, NULL, '2025-11-26 23:03:12', '2025-11-26 09:31:47', 1),
(355, '2', 'data2', 'LOW', 24.2, 70, '2025-11-26 16:31:34', 'RESOLVED', NULL, NULL, '2025-11-26 23:03:12', '2025-11-26 09:31:47', 1),
(356, '2', 'data4', 'LOW', 24.2, 50, '2025-11-26 16:31:34', 'RESOLVED', NULL, NULL, '2025-11-26 23:03:12', '2025-11-26 09:31:47', 1),
(357, '2', 'data3', 'LOW', 24.2, 70, '2025-11-26 16:31:34', 'RESOLVED', NULL, NULL, '2025-11-26 23:03:12', '2025-11-26 09:31:47', 1),
(358, '2', 'data5', 'LOW', 24.2, 50, '2025-11-26 16:31:34', 'RESOLVED', NULL, NULL, '2025-11-26 23:03:12', '2025-11-26 09:31:47', 1),
(359, '2', 'data4', 'LOW', 24.2, 50, '2025-11-26 16:31:34', 'RESOLVED', NULL, NULL, '2025-11-26 23:03:12', '2025-11-26 09:31:47', 1),
(360, '2', 'data6', 'HIGH', 64.6, 55, '2025-11-26 16:31:34', 'RESOLVED', NULL, NULL, '2025-11-26 23:03:12', '2025-11-26 09:31:47', 1),
(361, '2', 'data5', 'LOW', 24.2, 50, '2025-11-26 16:31:34', 'RESOLVED', NULL, NULL, '2025-11-26 23:03:12', '2025-11-26 09:31:47', 1),
(362, '2', 'data7', 'HIGH', 65.8, 55, '2025-11-26 16:31:34', 'RESOLVED', NULL, NULL, '2025-11-26 23:03:12', '2025-11-26 09:31:47', 1),
(363, '2', 'data6', 'HIGH', 64.6, 55, '2025-11-26 16:31:34', 'RESOLVED', NULL, NULL, '2025-11-26 23:03:12', '2025-11-26 09:31:47', 1),
(364, '2', 'data8', 'LOW', 22.1, 60, '2025-11-26 16:31:34', 'RESOLVED', NULL, NULL, '2025-11-26 23:03:12', '2025-11-26 09:31:47', 1),
(365, '2', 'data7', 'HIGH', 65.8, 55, '2025-11-26 16:31:34', 'RESOLVED', NULL, NULL, '2025-11-26 23:03:12', '2025-11-26 09:31:47', 1),
(366, '2', 'data9', 'LOW', 32.7, 60, '2025-11-26 16:31:34', 'RESOLVED', NULL, NULL, '2025-11-26 23:03:12', '2025-11-26 09:31:47', 1),
(367, '2', 'data8', 'LOW', 22.1, 60, '2025-11-26 16:31:34', 'RESOLVED', NULL, NULL, '2025-11-26 23:03:12', '2025-11-26 09:31:47', 1),
(368, '3', 'data2', 'LOW', 14.8, 25, '2025-11-26 16:31:34', 'RESOLVED', NULL, NULL, '2025-11-26 23:03:12', '2025-11-26 09:31:47', 1),
(369, '2', 'data9', 'LOW', 32.7, 60, '2025-11-26 16:31:34', 'RESOLVED', NULL, NULL, '2025-11-26 23:03:12', '2025-11-26 09:31:47', 1),
(370, '3', 'data3', 'LOW', 13.2, 25, '2025-11-26 16:31:34', 'RESOLVED', NULL, NULL, '2025-11-26 23:03:12', '2025-11-26 09:31:47', 1),
(371, '3', 'data2', 'LOW', 14.8, 25, '2025-11-26 16:31:34', 'RESOLVED', NULL, NULL, '2025-11-26 23:03:12', '2025-11-26 09:31:47', 1),
(372, '4', 'data2', 'HIGH', 94.3, 90, '2025-11-26 16:31:34', 'RESOLVED', NULL, NULL, '2025-11-26 23:03:12', '2025-11-26 09:31:47', 1),
(373, '3', 'data3', 'LOW', 13.2, 25, '2025-11-26 16:31:34', 'RESOLVED', NULL, NULL, '2025-11-26 23:03:12', '2025-11-26 09:31:47', 1),
(374, '4', 'data3', 'HIGH', 98.6, 90, '2025-11-26 16:31:34', 'RESOLVED', NULL, NULL, '2025-11-26 23:03:12', '2025-11-26 09:31:47', 1),
(375, '4', 'data2', 'HIGH', 94.3, 90, '2025-11-26 16:31:34', 'RESOLVED', NULL, NULL, '2025-11-26 23:03:12', '2025-11-26 09:31:47', 1),
(376, '4', 'data3', 'HIGH', 98.6, 90, '2025-11-26 16:31:34', 'RESOLVED', NULL, NULL, '2025-11-26 23:03:12', '2025-11-26 09:31:47', 1),
(377, '4', 'data8', 'LOW', 39.5, 80, '2025-11-26 16:31:34', 'RESOLVED', NULL, NULL, '2025-11-26 23:03:12', '2025-11-26 09:31:47', 1);
INSERT INTO `alarm_log` (`id`, `plc_id`, `tag_name`, `alarm_type`, `violated_value`, `treshold_value`, `alarm_time`, `status`, `acknowledged_by`, `acknowledged_at`, `resolved_at`, `created_at`, `is_active`) VALUES
(378, '4', 'data9', 'LOW', 36.5, 80, '2025-11-26 16:31:34', 'RESOLVED', NULL, NULL, '2025-11-26 23:03:12', '2025-11-26 09:31:47', 1),
(379, '4', 'data8', 'LOW', 39.5, 80, '2025-11-26 16:31:34', 'RESOLVED', NULL, NULL, '2025-11-26 23:03:12', '2025-11-26 09:31:47', 1),
(380, '5', 'data2', 'LOW', 0, 70, '2025-11-26 16:31:34', 'RESOLVED', NULL, NULL, '2025-11-26 23:03:12', '2025-11-26 09:31:47', 1),
(381, '4', 'data9', 'LOW', 36.5, 80, '2025-11-26 16:31:34', 'RESOLVED', NULL, NULL, '2025-11-26 23:03:12', '2025-11-26 09:31:47', 1),
(382, '5', 'data3', 'LOW', 0, 70, '2025-11-26 16:31:34', 'RESOLVED', NULL, NULL, '2025-11-26 23:03:12', '2025-11-26 09:31:47', 1),
(383, '5', 'data2', 'LOW', 0, 70, '2025-11-26 16:31:34', 'RESOLVED', NULL, NULL, '2025-11-26 23:03:12', '2025-11-26 09:31:47', 1),
(384, '5', 'data4', 'HIGH', 96.3, 55, '2025-11-26 16:31:34', 'RESOLVED', NULL, NULL, '2025-11-26 23:03:12', '2025-11-26 09:31:47', 1),
(385, '5', 'data3', 'LOW', 0, 70, '2025-11-26 16:31:34', 'RESOLVED', NULL, NULL, '2025-11-26 23:03:12', '2025-11-26 09:31:47', 1),
(386, '5', 'data5', 'LOW', 0, 50, '2025-11-26 16:31:34', 'RESOLVED', NULL, NULL, '2025-11-26 23:03:12', '2025-11-26 09:31:47', 1),
(387, '5', 'data4', 'HIGH', 96.3, 55, '2025-11-26 16:31:34', 'RESOLVED', NULL, NULL, '2025-11-26 23:03:12', '2025-11-26 09:31:47', 1),
(388, '5', 'data6', 'HIGH', 200, 55, '2025-11-26 16:31:34', 'RESOLVED', NULL, NULL, '2025-11-26 23:03:12', '2025-11-26 09:31:47', 1),
(389, '5', 'data5', 'LOW', 0, 50, '2025-11-26 16:31:34', 'RESOLVED', NULL, NULL, '2025-11-26 23:03:12', '2025-11-26 09:31:47', 1),
(390, '5', 'data7', 'LOW', 0, 50, '2025-11-26 16:31:34', 'RESOLVED', NULL, NULL, '2025-11-26 23:03:12', '2025-11-26 09:31:47', 1),
(391, '5', 'data6', 'HIGH', 200, 55, '2025-11-26 16:31:34', 'RESOLVED', NULL, NULL, '2025-11-26 23:03:12', '2025-11-26 09:31:47', 1),
(392, '5', 'data8', 'HIGH', 100.5, 65, '2025-11-26 16:31:34', 'RESOLVED', NULL, NULL, '2025-11-26 23:03:12', '2025-11-26 09:31:47', 1),
(393, '5', 'data7', 'LOW', 0, 50, '2025-11-26 16:31:34', 'RESOLVED', NULL, NULL, '2025-11-26 23:03:12', '2025-11-26 09:31:47', 1),
(394, '5', 'data9', 'LOW', 12.3, 60, '2025-11-26 16:31:34', 'RESOLVED', NULL, NULL, '2025-11-26 23:03:12', '2025-11-26 09:31:47', 1),
(395, '5', 'data8', 'HIGH', 100.5, 65, '2025-11-26 16:31:34', 'RESOLVED', NULL, NULL, '2025-11-26 23:03:12', '2025-11-26 09:31:47', 1),
(396, '6', 'data2', 'LOW', 24.2, 25, '2025-11-26 16:31:34', 'RESOLVED', NULL, NULL, '2025-11-26 23:03:12', '2025-11-26 09:31:47', 1),
(397, '5', 'data9', 'LOW', 12.3, 60, '2025-11-26 16:31:34', 'RESOLVED', NULL, NULL, '2025-11-26 23:03:12', '2025-11-26 09:31:47', 1),
(398, '6', 'data3', 'LOW', 24.2, 25, '2025-11-26 16:31:34', 'RESOLVED', NULL, NULL, '2025-11-26 23:03:12', '2025-11-26 09:31:47', 1),
(399, '6', 'data2', 'LOW', 24.2, 25, '2025-11-26 16:31:34', 'RESOLVED', NULL, NULL, '2025-11-26 23:03:12', '2025-11-26 09:31:47', 1),
(400, '6', 'data3', 'LOW', 24.2, 25, '2025-11-26 16:31:34', 'RESOLVED', NULL, NULL, '2025-11-26 23:03:12', '2025-11-26 09:31:47', 1),
(401, '1', 'data2', 'LOW', 52.9, 80, '2025-11-26 16:31:34', 'RESOLVED', NULL, NULL, '2025-11-26 23:03:12', '2025-11-26 09:31:47', 1),
(402, '1', 'data3', 'LOW', 51.3, 80, '2025-11-26 16:31:34', 'RESOLVED', NULL, NULL, '2025-11-26 23:03:12', '2025-11-26 09:31:47', 1),
(403, '1', 'data9', 'LOW', 64.2, 80, '2025-11-26 16:31:34', 'RESOLVED', NULL, NULL, '2025-11-26 23:03:12', '2025-11-26 09:31:47', 1),
(404, '2', 'data2', 'LOW', 24.2, 70, '2025-11-26 16:31:34', 'RESOLVED', NULL, NULL, '2025-11-26 23:03:12', '2025-11-26 09:31:47', 1),
(405, '2', 'data3', 'LOW', 24.2, 70, '2025-11-26 16:31:34', 'RESOLVED', NULL, NULL, '2025-11-26 23:03:12', '2025-11-26 09:31:47', 1),
(406, '2', 'data4', 'LOW', 24.2, 50, '2025-11-26 16:31:34', 'RESOLVED', NULL, NULL, '2025-11-26 23:03:12', '2025-11-26 09:31:47', 1),
(407, '2', 'data5', 'LOW', 24.2, 50, '2025-11-26 16:31:34', 'RESOLVED', NULL, NULL, '2025-11-26 23:03:12', '2025-11-26 09:31:47', 1),
(408, '2', 'data6', 'HIGH', 64.6, 55, '2025-11-26 16:31:34', 'RESOLVED', NULL, NULL, '2025-11-26 23:03:12', '2025-11-26 09:31:47', 1),
(409, '2', 'data7', 'HIGH', 65.8, 55, '2025-11-26 16:31:34', 'RESOLVED', NULL, NULL, '2025-11-26 23:03:12', '2025-11-26 09:31:47', 1),
(410, '2', 'data8', 'LOW', 22.1, 60, '2025-11-26 16:31:34', 'RESOLVED', NULL, NULL, '2025-11-26 23:03:12', '2025-11-26 09:31:47', 1),
(411, '2', 'data9', 'LOW', 32.7, 60, '2025-11-26 16:31:34', 'RESOLVED', NULL, NULL, '2025-11-26 23:03:12', '2025-11-26 09:31:47', 1),
(412, '3', 'data2', 'LOW', 14.8, 25, '2025-11-26 16:31:34', 'RESOLVED', NULL, NULL, '2025-11-26 23:03:12', '2025-11-26 09:31:47', 1),
(413, '3', 'data3', 'LOW', 13.2, 25, '2025-11-26 16:31:34', 'RESOLVED', NULL, NULL, '2025-11-26 23:03:12', '2025-11-26 09:31:47', 1),
(414, '4', 'data2', 'HIGH', 94.3, 90, '2025-11-26 16:31:34', 'RESOLVED', NULL, NULL, '2025-11-26 23:03:12', '2025-11-26 09:31:47', 1),
(415, '4', 'data3', 'HIGH', 98.6, 90, '2025-11-26 16:31:34', 'RESOLVED', NULL, NULL, '2025-11-26 23:03:12', '2025-11-26 09:31:47', 1),
(416, '4', 'data8', 'LOW', 39.5, 80, '2025-11-26 16:31:34', 'RESOLVED', NULL, NULL, '2025-11-26 23:03:12', '2025-11-26 09:31:47', 1),
(417, '4', 'data9', 'LOW', 36.5, 80, '2025-11-26 16:31:34', 'RESOLVED', NULL, NULL, '2025-11-26 23:03:12', '2025-11-26 09:31:47', 1),
(418, '5', 'data2', 'LOW', 0, 70, '2025-11-26 16:31:34', 'RESOLVED', NULL, NULL, '2025-11-26 23:03:12', '2025-11-26 09:31:47', 1),
(419, '5', 'data3', 'LOW', 0, 70, '2025-11-26 16:31:34', 'RESOLVED', NULL, NULL, '2025-11-26 23:03:12', '2025-11-26 09:31:47', 1),
(420, '5', 'data4', 'HIGH', 96.3, 55, '2025-11-26 16:31:34', 'RESOLVED', NULL, NULL, '2025-11-26 23:03:12', '2025-11-26 09:31:47', 1),
(421, '5', 'data5', 'LOW', 0, 50, '2025-11-26 16:31:34', 'RESOLVED', NULL, NULL, '2025-11-26 23:03:12', '2025-11-26 09:31:47', 1),
(422, '5', 'data6', 'HIGH', 200, 55, '2025-11-26 16:31:34', 'RESOLVED', NULL, NULL, '2025-11-26 23:03:12', '2025-11-26 09:31:47', 1),
(423, '5', 'data7', 'LOW', 0, 50, '2025-11-26 16:31:34', 'RESOLVED', NULL, NULL, '2025-11-26 23:03:12', '2025-11-26 09:31:47', 1),
(424, '5', 'data8', 'HIGH', 100.5, 65, '2025-11-26 16:31:34', 'RESOLVED', NULL, NULL, '2025-11-26 23:03:12', '2025-11-26 09:31:47', 1),
(425, '5', 'data9', 'LOW', 12.3, 60, '2025-11-26 16:31:34', 'RESOLVED', NULL, NULL, '2025-11-26 23:03:12', '2025-11-26 09:31:47', 1),
(426, '6', 'data2', 'LOW', 24.2, 25, '2025-11-26 16:31:34', 'RESOLVED', NULL, NULL, '2025-11-26 23:03:12', '2025-11-26 09:31:47', 1),
(427, '6', 'data3', 'LOW', 24.2, 25, '2025-11-26 16:31:34', 'RESOLVED', NULL, NULL, '2025-11-26 23:03:12', '2025-11-26 09:31:47', 1),
(428, '1', 'data2', 'LOW', 52.9, 80, '2025-11-26 16:31:36', 'RESOLVED', NULL, NULL, '2025-11-26 23:03:12', '2025-11-26 09:31:49', 1),
(429, '1', 'data3', 'LOW', 51.3, 80, '2025-11-26 16:31:36', 'RESOLVED', NULL, NULL, '2025-11-26 23:03:12', '2025-11-26 09:31:49', 1),
(430, '1', 'data9', 'LOW', 64.2, 80, '2025-11-26 16:31:36', 'RESOLVED', NULL, NULL, '2025-11-26 23:03:12', '2025-11-26 09:31:49', 1),
(431, '2', 'data2', 'LOW', 24.2, 70, '2025-11-26 16:31:36', 'RESOLVED', NULL, NULL, '2025-11-26 23:03:12', '2025-11-26 09:31:49', 1),
(432, '2', 'data3', 'LOW', 24.2, 70, '2025-11-26 16:31:36', 'RESOLVED', NULL, NULL, '2025-11-26 23:03:12', '2025-11-26 09:31:49', 1),
(433, '2', 'data4', 'LOW', 24.2, 50, '2025-11-26 16:31:36', 'RESOLVED', NULL, NULL, '2025-11-26 23:03:12', '2025-11-26 09:31:49', 1),
(434, '2', 'data5', 'LOW', 24.2, 50, '2025-11-26 16:31:36', 'RESOLVED', NULL, NULL, '2025-11-26 23:03:12', '2025-11-26 09:31:49', 1),
(435, '2', 'data6', 'HIGH', 64.6, 55, '2025-11-26 16:31:36', 'RESOLVED', NULL, NULL, '2025-11-26 23:03:12', '2025-11-26 09:31:49', 1),
(436, '2', 'data7', 'HIGH', 65.8, 55, '2025-11-26 16:31:36', 'RESOLVED', NULL, NULL, '2025-11-26 23:03:12', '2025-11-26 09:31:49', 1),
(437, '2', 'data8', 'LOW', 22.1, 60, '2025-11-26 16:31:36', 'RESOLVED', NULL, NULL, '2025-11-26 23:03:12', '2025-11-26 09:31:49', 1),
(438, '2', 'data9', 'LOW', 32.7, 60, '2025-11-26 16:31:36', 'RESOLVED', NULL, NULL, '2025-11-26 23:03:12', '2025-11-26 09:31:49', 1),
(439, '3', 'data2', 'LOW', 14.8, 25, '2025-11-26 16:31:36', 'RESOLVED', NULL, NULL, '2025-11-26 23:03:12', '2025-11-26 09:31:49', 1),
(440, '3', 'data3', 'LOW', 13.2, 25, '2025-11-26 16:31:36', 'RESOLVED', NULL, NULL, '2025-11-26 23:03:12', '2025-11-26 09:31:49', 1),
(441, '4', 'data2', 'HIGH', 94.3, 90, '2025-11-26 16:31:36', 'RESOLVED', NULL, NULL, '2025-11-26 23:03:12', '2025-11-26 09:31:49', 1),
(442, '4', 'data3', 'HIGH', 98.6, 90, '2025-11-26 16:31:36', 'RESOLVED', NULL, NULL, '2025-11-26 23:03:12', '2025-11-26 09:31:49', 1),
(443, '4', 'data8', 'LOW', 39.5, 80, '2025-11-26 16:31:36', 'RESOLVED', NULL, NULL, '2025-11-26 23:03:12', '2025-11-26 09:31:49', 1),
(444, '4', 'data9', 'LOW', 36.5, 80, '2025-11-26 16:31:36', 'RESOLVED', NULL, NULL, '2025-11-26 23:03:12', '2025-11-26 09:31:49', 1),
(445, '5', 'data2', 'LOW', 0, 70, '2025-11-26 16:31:36', 'RESOLVED', NULL, NULL, '2025-11-26 23:03:12', '2025-11-26 09:31:49', 1),
(446, '5', 'data3', 'LOW', 0, 70, '2025-11-26 16:31:36', 'RESOLVED', NULL, NULL, '2025-11-26 23:03:12', '2025-11-26 09:31:49', 1),
(447, '5', 'data4', 'HIGH', 96.3, 55, '2025-11-26 16:31:36', 'RESOLVED', NULL, NULL, '2025-11-26 23:03:12', '2025-11-26 09:31:49', 1),
(448, '5', 'data5', 'LOW', 0, 50, '2025-11-26 16:31:36', 'RESOLVED', NULL, NULL, '2025-11-26 23:03:12', '2025-11-26 09:31:49', 1),
(449, '5', 'data6', 'HIGH', 200, 55, '2025-11-26 16:31:36', 'RESOLVED', NULL, NULL, '2025-11-26 23:03:12', '2025-11-26 09:31:49', 1),
(450, '5', 'data7', 'LOW', 0, 50, '2025-11-26 16:31:36', 'RESOLVED', NULL, NULL, '2025-11-26 23:03:12', '2025-11-26 09:31:49', 1),
(451, '5', 'data8', 'HIGH', 100.5, 65, '2025-11-26 16:31:36', 'RESOLVED', NULL, NULL, '2025-11-26 23:03:12', '2025-11-26 09:31:49', 1),
(452, '5', 'data9', 'LOW', 12.3, 60, '2025-11-26 16:31:36', 'RESOLVED', NULL, NULL, '2025-11-26 23:03:12', '2025-11-26 09:31:49', 1),
(453, '6', 'data2', 'LOW', 24.2, 25, '2025-11-26 16:31:36', 'RESOLVED', NULL, NULL, '2025-11-26 23:03:12', '2025-11-26 09:31:49', 1),
(454, '6', 'data3', 'LOW', 24.2, 25, '2025-11-26 16:31:36', 'RESOLVED', NULL, NULL, '2025-11-26 23:03:12', '2025-11-26 09:31:49', 1);

-- --------------------------------------------------------

--
-- Stand-in structure for view `latest_plc_data_join_view`
-- (See below for the actual view)
--
CREATE TABLE `latest_plc_data_join_view` (
`id` int(11)
,`plc_id` int(11)
,`plc_name` varchar(255)
,`tag_name` varchar(255)
,`value` varchar(255)
,`timestamp` datetime
,`created_at` timestamp
);

-- --------------------------------------------------------

--
-- Table structure for table `line_model_status`
--

CREATE TABLE `line_model_status` (
  `id` int(11) NOT NULL,
  `line_name` varchar(100) NOT NULL,
  `model_id` int(11) NOT NULL,
  `model_name` varchar(50) NOT NULL,
  `start_time` datetime NOT NULL DEFAULT current_timestamp(),
  `end_time` datetime DEFAULT NULL,
  `status` enum('RUNNING','STOPPED') DEFAULT 'RUNNING',
  `updated_at` timestamp NOT NULL DEFAULT current_timestamp() ON UPDATE current_timestamp()
) ENGINE=InnoDB DEFAULT CHARSET=utf8mb4 COLLATE=utf8mb4_general_ci;

--
-- Dumping data for table `line_model_status`
--

INSERT INTO `line_model_status` (`id`, `line_name`, `model_id`, `model_name`, `start_time`, `end_time`, `status`, `updated_at`) VALUES
(1, 'B1-01', 3, 'U204', '2025-10-26 00:35:54', NULL, 'RUNNING', '2025-10-25 17:35:54'),
(2, 'B1-02', 4, 'WL574', '2025-10-26 00:35:54', NULL, 'RUNNING', '2025-10-25 17:35:54');

-- --------------------------------------------------------

--
-- Table structure for table `model`
--

CREATE TABLE `model` (
  `model_id` int(11) NOT NULL,
  `model_name` varchar(10) NOT NULL,
  `created_at` timestamp NULL DEFAULT NULL,
  `updated_at` timestamp NULL DEFAULT NULL
) ENGINE=InnoDB DEFAULT CHARSET=utf8mb4 COLLATE=utf8mb4_general_ci;

--
-- Dumping data for table `model`
--

INSERT INTO `model` (`model_id`, `model_name`, `created_at`, `updated_at`) VALUES
(3, 'U204', NULL, NULL),
(4, 'WL574', NULL, NULL),
(5, 'DEFAULT', NULL, NULL),
(9, 'W574', '2025-10-25 21:14:49', '2025-10-25 21:14:49'),
(12, 'CC990', '2025-10-28 00:02:45', '2025-10-28 00:02:45'),
(13, 'ML515', '2025-10-29 02:42:54', '2025-10-29 02:42:54'),
(14, 'ME420', '2025-10-29 02:43:47', '2025-10-29 02:43:47');

-- --------------------------------------------------------

--
-- Table structure for table `parameter_tag_map`
--

CREATE TABLE `parameter_tag_map` (
  `id` int(11) NOT NULL,
  `model_id` int(11) NOT NULL,
  `parameter_name` varchar(100) NOT NULL,
  `tag_name` varchar(100) NOT NULL,
  `description` varchar(255) DEFAULT NULL,
  `created_at` timestamp NOT NULL DEFAULT current_timestamp(),
  `plc_id` varchar(50) DEFAULT NULL
) ENGINE=InnoDB DEFAULT CHARSET=utf8mb4 COLLATE=utf8mb4_general_ci;

-- --------------------------------------------------------

--
-- Table structure for table `plcs`
--

CREATE TABLE `plcs` (
  `id` int(11) NOT NULL,
  `plc_id` int(11) NOT NULL,
  `name` varchar(20) NOT NULL
) ENGINE=InnoDB DEFAULT CHARSET=utf8mb4 COLLATE=utf8mb4_general_ci;

--
-- Dumping data for table `plcs`
--

INSERT INTO `plcs` (`id`, `plc_id`, `name`) VALUES
(1, 1, 'BPM-01'),
(2, 2, 'CHAMBER-01'),
(3, 3, 'CHILLER-01'),
(4, 4, 'BPM-02'),
(5, 5, 'CHAMBER-02'),
(6, 5, 'CHILLER-02');

-- --------------------------------------------------------

--
-- Table structure for table `plc_data`
--

CREATE TABLE `plc_data` (
  `id` int(11) NOT NULL,
  `plc_id` int(11) NOT NULL,
  `plc_name` varchar(255) DEFAULT NULL,
  `tag_name` varchar(255) NOT NULL,
  `value` varchar(255) DEFAULT NULL,
  `timestamp` datetime NOT NULL,
  `created_at` timestamp NOT NULL DEFAULT current_timestamp()
) ENGINE=InnoDB DEFAULT CHARSET=utf8mb4 COLLATE=utf8mb4_general_ci;

--
-- Dumping data for table `plc_data`
--

INSERT INTO `plc_data` (`id`, `plc_id`, `plc_name`, `tag_name`, `value`, `timestamp`, `created_at`) VALUES
(1, 1, 'BPM_LINE_1', 'data1', '54.3', '2025-11-27 01:02:20', '2025-11-26 18:02:20'),
(2, 1, 'BPM_LINE_1', 'data2', '84.9', '2025-11-27 01:02:20', '2025-11-26 18:02:20'),
(3, 1, 'BPM_LINE_1', 'data3', '84.6', '2025-11-27 01:02:20', '2025-11-26 18:02:20'),
(4, 1, 'BPM_LINE_1', 'data4', '28.8', '2025-11-27 01:02:20', '2025-11-26 18:02:20'),
(5, 1, 'BPM_LINE_1', 'data5', '27', '2025-11-27 01:02:20', '2025-11-26 18:02:20'),
(6, 1, 'BPM_LINE_1', 'data6', '27.3', '2025-11-27 01:02:20', '2025-11-26 18:02:20'),
(7, 1, 'BPM_LINE_1', 'data7', '28', '2025-11-27 01:02:20', '2025-11-26 18:02:20'),
(8, 1, 'BPM_LINE_1', 'data8', '82.7', '2025-11-27 01:02:20', '2025-11-26 18:02:20'),
(9, 1, 'BPM_LINE_1', 'data9', '84.5', '2025-11-27 01:02:20', '2025-11-26 18:02:20'),
(10, 1, 'BPM_LINE_1', 'data10', '51.9', '2025-11-27 01:02:20', '2025-11-26 18:02:20'),
(11, 1, 'BPM_LINE_1', 'data11', '52.6', '2025-11-27 01:02:20', '2025-11-26 18:02:20'),
(12, 1, 'BPM_LINE_1', 'data12', '52.7', '2025-11-27 01:02:20', '2025-11-26 18:02:20'),
(13, 1, 'BPM_LINE_1', 'data13', '50.5', '2025-11-27 01:02:20', '2025-11-26 18:02:20'),
(14, 1, 'BPM_LINE_1', 'data14', '54.5', '2025-11-27 01:02:20', '2025-11-26 18:02:20'),
(15, 1, 'BPM_LINE_1', 'data15', '51.9', '2025-11-27 01:02:20', '2025-11-26 18:02:20'),
(16, 1, 'BPM_LINE_1', 'data16', '51', '2025-11-27 01:02:20', '2025-11-26 18:02:20'),
(17, 1, 'BPM_LINE_1', 'data17', '53.5', '2025-11-27 01:02:20', '2025-11-26 18:02:20'),
(18, 1, 'BPM_LINE_1', 'data18', '51.7', '2025-11-27 01:02:20', '2025-11-26 18:02:20'),
(19, 1, 'BPM_LINE_1', 'data19', '53.1', '2025-11-27 01:02:20', '2025-11-26 18:02:20'),
(20, 1, 'BPM_LINE_1', 'data20', '54.1', '2025-11-27 01:02:20', '2025-11-26 18:02:20'),
(21, 1, 'BPM_LINE_1', 'data21', '50.5', '2025-11-27 01:02:20', '2025-11-26 18:02:20'),
(22, 1, 'BPM_LINE_1', 'data22', '53.4', '2025-11-27 01:02:20', '2025-11-26 18:02:20'),
(23, 1, 'BPM_LINE_1', 'data23', '53', '2025-11-27 01:02:20', '2025-11-26 18:02:20'),
(24, 1, 'BPM_LINE_1', 'data24', '53.6', '2025-11-27 01:02:20', '2025-11-26 18:02:20'),
(25, 1, 'BPM_LINE_1', 'data25', '52.7', '2025-11-27 01:02:20', '2025-11-26 18:02:20'),
(26, 1, 'BPM_LINE_1', 'data26', '54.6', '2025-11-27 01:02:20', '2025-11-26 18:02:20'),
(27, 2, 'HEATING_LINE_1', 'data1', '75', '2025-11-27 01:02:20', '2025-11-26 18:02:20'),
(28, 2, 'HEATING_LINE_1', 'data2', '76.8', '2025-11-27 01:02:20', '2025-11-26 18:02:20'),
(29, 2, 'HEATING_LINE_1', 'data3', '75.3', '2025-11-27 01:02:20', '2025-11-26 18:02:20'),
(30, 2, 'HEATING_LINE_1', 'data4', '51', '2025-11-27 01:02:20', '2025-11-26 18:02:20'),
(31, 2, 'HEATING_LINE_1', 'data5', '50.9', '2025-11-27 01:02:20', '2025-11-26 18:02:20'),
(32, 2, 'HEATING_LINE_1', 'data6', '54.9', '2025-11-27 01:02:20', '2025-11-26 18:02:20'),
(33, 2, 'HEATING_LINE_1', 'data7', '51.8', '2025-11-27 01:02:20', '2025-11-26 18:02:20'),
(34, 2, 'HEATING_LINE_1', 'data8', '61.6', '2025-11-27 01:02:20', '2025-11-26 18:02:20'),
(35, 2, 'HEATING_LINE_1', 'data9', '61.2', '2025-11-27 01:02:20', '2025-11-26 18:02:20'),
(36, 2, 'HEATING_LINE_1', 'data10', '76.2', '2025-11-27 01:02:20', '2025-11-26 18:02:20'),
(37, 2, 'HEATING_LINE_1', 'data11', '75.7', '2025-11-27 01:02:20', '2025-11-26 18:02:20'),
(38, 2, 'HEATING_LINE_1', 'data12', '77', '2025-11-27 01:02:20', '2025-11-26 18:02:20'),
(39, 2, 'HEATING_LINE_1', 'data13', '75.6', '2025-11-27 01:02:20', '2025-11-26 18:02:20'),
(40, 2, 'HEATING_LINE_1', 'data14', '76.3', '2025-11-27 01:02:20', '2025-11-26 18:02:20'),
(41, 2, 'HEATING_LINE_1', 'data15', '76.7', '2025-11-27 01:02:20', '2025-11-26 18:02:20'),
(42, 2, 'HEATING_LINE_1', 'data16', '75.7', '2025-11-27 01:02:20', '2025-11-26 18:02:20'),
(43, 2, 'HEATING_LINE_1', 'data17', '76.7', '2025-11-27 01:02:20', '2025-11-26 18:02:20'),
(44, 2, 'HEATING_LINE_1', 'data18', '75.8', '2025-11-27 01:02:20', '2025-11-26 18:02:20'),
(45, 2, 'HEATING_LINE_1', 'data19', '75.8', '2025-11-27 01:02:20', '2025-11-26 18:02:20'),
(46, 2, 'HEATING_LINE_1', 'data20', '75.1', '2025-11-27 01:02:20', '2025-11-26 18:02:20'),
(47, 2, 'HEATING_LINE_1', 'data21', '75.7', '2025-11-27 01:02:20', '2025-11-26 18:02:20'),
(48, 2, 'HEATING_LINE_1', 'data22', '76.7', '2025-11-27 01:02:20', '2025-11-26 18:02:20'),
(49, 2, 'HEATING_LINE_1', 'data23', '75.8', '2025-11-27 01:02:20', '2025-11-26 18:02:20'),
(50, 2, 'HEATING_LINE_1', 'data24', '76.9', '2025-11-27 01:02:20', '2025-11-26 18:02:20'),
(51, 2, 'HEATING_LINE_1', 'data25', '76.2', '2025-11-27 01:02:20', '2025-11-26 18:02:20'),
(52, 2, 'HEATING_LINE_1', 'data26', '76', '2025-11-27 01:02:20', '2025-11-26 18:02:20'),
(53, 3, 'CHILLER_LINE_1', 'data1', '26', '2025-11-27 01:02:20', '2025-11-26 18:02:20'),
(54, 3, 'CHILLER_LINE_1', 'data2', '27.1', '2025-11-27 01:02:20', '2025-11-26 18:02:20'),
(55, 3, 'CHILLER_LINE_1', 'data3', '26', '2025-11-27 01:02:20', '2025-11-26 18:02:20'),
(56, 3, 'CHILLER_LINE_1', 'data4', '28', '2025-11-27 01:02:20', '2025-11-26 18:02:20'),
(57, 3, 'CHILLER_LINE_1', 'data5', '26.1', '2025-11-27 01:02:20', '2025-11-26 18:02:20'),
(58, 3, 'CHILLER_LINE_1', 'data6', '27.4', '2025-11-27 01:02:20', '2025-11-26 18:02:20'),
(59, 3, 'CHILLER_LINE_1', 'data7', '28.1', '2025-11-27 01:02:20', '2025-11-26 18:02:20'),
(60, 3, 'CHILLER_LINE_1', 'data8', '27.2', '2025-11-27 01:02:20', '2025-11-26 18:02:20'),
(61, 3, 'CHILLER_LINE_1', 'data9', '28.2', '2025-11-27 01:02:20', '2025-11-26 18:02:20'),
(62, 3, 'CHILLER_LINE_1', 'data10', '27.1', '2025-11-27 01:02:20', '2025-11-26 18:02:20'),
(63, 3, 'CHILLER_LINE_1', 'data11', '26.4', '2025-11-27 01:02:20', '2025-11-26 18:02:20'),
(64, 3, 'CHILLER_LINE_1', 'data12', '26.1', '2025-11-27 01:02:20', '2025-11-26 18:02:20'),
(65, 3, 'CHILLER_LINE_1', 'data13', '27', '2025-11-27 01:02:20', '2025-11-26 18:02:20'),
(66, 3, 'CHILLER_LINE_1', 'data14', '26.5', '2025-11-27 01:02:20', '2025-11-26 18:02:20'),
(67, 3, 'CHILLER_LINE_1', 'data15', '27.3', '2025-11-27 01:02:20', '2025-11-26 18:02:20'),
(68, 3, 'CHILLER_LINE_1', 'data16', '27.7', '2025-11-27 01:02:20', '2025-11-26 18:02:20'),
(69, 3, 'CHILLER_LINE_1', 'data17', '28.8', '2025-11-27 01:02:20', '2025-11-26 18:02:20'),
(70, 3, 'CHILLER_LINE_1', 'data18', '26.1', '2025-11-27 01:02:20', '2025-11-26 18:02:20'),
(71, 3, 'CHILLER_LINE_1', 'data19', '26.1', '2025-11-27 01:02:20', '2025-11-26 18:02:20'),
(72, 3, 'CHILLER_LINE_1', 'data20', '27.3', '2025-11-27 01:02:20', '2025-11-26 18:02:20'),
(73, 3, 'CHILLER_LINE_1', 'data21', '26.5', '2025-11-27 01:02:20', '2025-11-26 18:02:20'),
(74, 3, 'CHILLER_LINE_1', 'data22', '26.5', '2025-11-27 01:02:20', '2025-11-26 18:02:20'),
(75, 3, 'CHILLER_LINE_1', 'data23', '27.8', '2025-11-27 01:02:20', '2025-11-26 18:02:20'),
(76, 3, 'CHILLER_LINE_1', 'data24', '26.5', '2025-11-27 01:02:20', '2025-11-26 18:02:20'),
(77, 3, 'CHILLER_LINE_1', 'data25', '26.9', '2025-11-27 01:02:20', '2025-11-26 18:02:20'),
(78, 3, 'CHILLER_LINE_1', 'data26', '27.3', '2025-11-27 01:02:20', '2025-11-26 18:02:20'),
(79, 4, 'BPM_LINE_2', 'data1', '54.4', '2025-11-27 01:02:20', '2025-11-26 18:02:20'),
(80, 4, 'BPM_LINE_2', 'data2', '84.3', '2025-11-27 01:02:20', '2025-11-26 18:02:20'),
(81, 4, 'BPM_LINE_2', 'data3', '87.5', '2025-11-27 01:02:20', '2025-11-26 18:02:20'),
(82, 4, 'BPM_LINE_2', 'data4', '19.1', '2025-11-27 01:02:20', '2025-11-26 18:02:20'),
(83, 4, 'BPM_LINE_2', 'data5', '17.4', '2025-11-27 01:02:20', '2025-11-26 18:02:20'),
(84, 4, 'BPM_LINE_2', 'data6', '23.8', '2025-11-27 01:02:20', '2025-11-26 18:02:20'),
(85, 4, 'BPM_LINE_2', 'data7', '20.9', '2025-11-27 01:02:20', '2025-11-26 18:02:20'),
(86, 4, 'BPM_LINE_2', 'data8', '80.4', '2025-11-27 01:02:20', '2025-11-26 18:02:20'),
(87, 4, 'BPM_LINE_2', 'data9', '84.6', '2025-11-27 01:02:20', '2025-11-26 18:02:20'),
(88, 4, 'BPM_LINE_2', 'data10', '54.1', '2025-11-27 01:02:20', '2025-11-26 18:02:20'),
(89, 4, 'BPM_LINE_2', 'data11', '52.7', '2025-11-27 01:02:20', '2025-11-26 18:02:20'),
(90, 4, 'BPM_LINE_2', 'data12', '51.7', '2025-11-27 01:02:20', '2025-11-26 18:02:20'),
(91, 4, 'BPM_LINE_2', 'data13', '51.7', '2025-11-27 01:02:20', '2025-11-26 18:02:20'),
(92, 4, 'BPM_LINE_2', 'data14', '54.7', '2025-11-27 01:02:20', '2025-11-26 18:02:20'),
(93, 4, 'BPM_LINE_2', 'data15', '50', '2025-11-27 01:02:20', '2025-11-26 18:02:20'),
(94, 4, 'BPM_LINE_2', 'data16', '54.8', '2025-11-27 01:02:20', '2025-11-26 18:02:20'),
(95, 4, 'BPM_LINE_2', 'data17', '53.1', '2025-11-27 01:02:20', '2025-11-26 18:02:20'),
(96, 4, 'BPM_LINE_2', 'data18', '54.2', '2025-11-27 01:02:20', '2025-11-26 18:02:20'),
(97, 4, 'BPM_LINE_2', 'data19', '50.7', '2025-11-27 01:02:20', '2025-11-26 18:02:20'),
(98, 4, 'BPM_LINE_2', 'data20', '53.2', '2025-11-27 01:02:20', '2025-11-26 18:02:20'),
(99, 4, 'BPM_LINE_2', 'data21', '53.6', '2025-11-27 01:02:20', '2025-11-26 18:02:20'),
(100, 4, 'BPM_LINE_2', 'data22', '52.7', '2025-11-27 01:02:20', '2025-11-26 18:02:20'),
(101, 4, 'BPM_LINE_2', 'data23', '53.1', '2025-11-27 01:02:20', '2025-11-26 18:02:20'),
(102, 4, 'BPM_LINE_2', 'data24', '52.3', '2025-11-27 01:02:20', '2025-11-26 18:02:20'),
(103, 4, 'BPM_LINE_2', 'data25', '52.9', '2025-11-27 01:02:20', '2025-11-26 18:02:20'),
(104, 4, 'BPM_LINE_2', 'data26', '52.4', '2025-11-27 01:02:20', '2025-11-26 18:02:20'),
(105, 5, 'HEATING_LINE_2', 'data1', '77.6', '2025-11-27 01:02:20', '2025-11-26 18:02:20'),
(106, 5, 'HEATING_LINE_2', 'data2', '73', '2025-11-27 01:02:20', '2025-11-26 18:02:20'),
(107, 5, 'HEATING_LINE_2', 'data3', '73.6', '2025-11-27 01:02:20', '2025-11-26 18:02:20'),
(108, 5, 'HEATING_LINE_2', 'data4', '52.5', '2025-11-27 01:02:20', '2025-11-26 18:02:20'),
(109, 5, 'HEATING_LINE_2', 'data5', '52.2', '2025-11-27 01:02:20', '2025-11-26 18:02:20'),
(110, 5, 'HEATING_LINE_2', 'data6', '51.7', '2025-11-27 01:02:20', '2025-11-26 18:02:20'),
(111, 5, 'HEATING_LINE_2', 'data7', '51.9', '2025-11-27 01:02:20', '2025-11-26 18:02:20'),
(112, 5, 'HEATING_LINE_2', 'data8', '62.7', '2025-11-27 01:02:20', '2025-11-26 18:02:20'),
(113, 5, 'HEATING_LINE_2', 'data9', '61.1', '2025-11-27 01:02:20', '2025-11-26 18:02:20'),
(114, 5, 'HEATING_LINE_2', 'data10', '75', '2025-11-27 01:02:20', '2025-11-26 18:02:20'),
(115, 5, 'HEATING_LINE_2', 'data11', '77.2', '2025-11-27 01:02:20', '2025-11-26 18:02:20'),
(116, 5, 'HEATING_LINE_2', 'data12', '76.6', '2025-11-27 01:02:20', '2025-11-26 18:02:20'),
(117, 5, 'HEATING_LINE_2', 'data13', '73.3', '2025-11-27 01:02:20', '2025-11-26 18:02:20'),
(118, 5, 'HEATING_LINE_2', 'data14', '77.8', '2025-11-27 01:02:20', '2025-11-26 18:02:20'),
(119, 5, 'HEATING_LINE_2', 'data15', '74.4', '2025-11-27 01:02:20', '2025-11-26 18:02:20'),
(120, 5, 'HEATING_LINE_2', 'data16', '75.9', '2025-11-27 01:02:20', '2025-11-26 18:02:20'),
(121, 5, 'HEATING_LINE_2', 'data17', '76.1', '2025-11-27 01:02:20', '2025-11-26 18:02:20'),
(122, 5, 'HEATING_LINE_2', 'data18', '77.8', '2025-11-27 01:02:20', '2025-11-26 18:02:20'),
(123, 5, 'HEATING_LINE_2', 'data19', '74.1', '2025-11-27 01:02:20', '2025-11-26 18:02:20'),
(124, 5, 'HEATING_LINE_2', 'data20', '76.9', '2025-11-27 01:02:20', '2025-11-26 18:02:20'),
(125, 5, 'HEATING_LINE_2', 'data21', '74.9', '2025-11-27 01:02:20', '2025-11-26 18:02:20'),
(126, 5, 'HEATING_LINE_2', 'data22', '73.3', '2025-11-27 01:02:20', '2025-11-26 18:02:20'),
(127, 5, 'HEATING_LINE_2', 'data23', '74.9', '2025-11-27 01:02:20', '2025-11-26 18:02:20'),
(128, 5, 'HEATING_LINE_2', 'data24', '76.3', '2025-11-27 01:02:20', '2025-11-26 18:02:20'),
(129, 5, 'HEATING_LINE_2', 'data25', '74.9', '2025-11-27 01:02:20', '2025-11-26 18:02:20'),
(130, 5, 'HEATING_LINE_2', 'data26', '77.3', '2025-11-27 01:02:20', '2025-11-26 18:02:20'),
(131, 6, 'CHILLER_LINE_2', 'data1', '27.3', '2025-11-27 01:02:20', '2025-11-26 18:02:20'),
(132, 6, 'CHILLER_LINE_2', 'data2', '28.6', '2025-11-27 01:02:20', '2025-11-26 18:02:20'),
(133, 6, 'CHILLER_LINE_2', 'data3', '27.3', '2025-11-27 01:02:20', '2025-11-26 18:02:20'),
(134, 6, 'CHILLER_LINE_2', 'data4', '26.1', '2025-11-27 01:02:20', '2025-11-26 18:02:20'),
(135, 6, 'CHILLER_LINE_2', 'data5', '27.3', '2025-11-27 01:02:20', '2025-11-26 18:02:20'),
(136, 6, 'CHILLER_LINE_2', 'data6', '26.8', '2025-11-27 01:02:20', '2025-11-26 18:02:20'),
(137, 6, 'CHILLER_LINE_2', 'data7', '27.9', '2025-11-27 01:02:20', '2025-11-26 18:02:20'),
(138, 6, 'CHILLER_LINE_2', 'data8', '26.2', '2025-11-27 01:02:20', '2025-11-26 18:02:20'),
(139, 6, 'CHILLER_LINE_2', 'data9', '28.5', '2025-11-27 01:02:20', '2025-11-26 18:02:20'),
(140, 6, 'CHILLER_LINE_2', 'data10', '27.8', '2025-11-27 01:02:20', '2025-11-26 18:02:20'),
(141, 6, 'CHILLER_LINE_2', 'data11', '28.1', '2025-11-27 01:02:20', '2025-11-26 18:02:20'),
(142, 6, 'CHILLER_LINE_2', 'data12', '28.9', '2025-11-27 01:02:20', '2025-11-26 18:02:20'),
(143, 6, 'CHILLER_LINE_2', 'data13', '28.8', '2025-11-27 01:02:20', '2025-11-26 18:02:20'),
(144, 6, 'CHILLER_LINE_2', 'data14', '27.3', '2025-11-27 01:02:20', '2025-11-26 18:02:20'),
(145, 6, 'CHILLER_LINE_2', 'data15', '26.5', '2025-11-27 01:02:20', '2025-11-26 18:02:20'),
(146, 6, 'CHILLER_LINE_2', 'data16', '26.9', '2025-11-27 01:02:20', '2025-11-26 18:02:20'),
(147, 6, 'CHILLER_LINE_2', 'data17', '29', '2025-11-27 01:02:20', '2025-11-26 18:02:20'),
(148, 6, 'CHILLER_LINE_2', 'data18', '26.4', '2025-11-27 01:02:20', '2025-11-26 18:02:20'),
(149, 6, 'CHILLER_LINE_2', 'data19', '27.7', '2025-11-27 01:02:20', '2025-11-26 18:02:20'),
(150, 6, 'CHILLER_LINE_2', 'data20', '27.6', '2025-11-27 01:02:20', '2025-11-26 18:02:20'),
(151, 6, 'CHILLER_LINE_2', 'data21', '27.1', '2025-11-27 01:02:20', '2025-11-26 18:02:20'),
(152, 6, 'CHILLER_LINE_2', 'data22', '27.8', '2025-11-27 01:02:20', '2025-11-26 18:02:20'),
(153, 6, 'CHILLER_LINE_2', 'data23', '28.6', '2025-11-27 01:02:20', '2025-11-26 18:02:20'),
(154, 6, 'CHILLER_LINE_2', 'data24', '26.1', '2025-11-27 01:02:20', '2025-11-26 18:02:20'),
(155, 6, 'CHILLER_LINE_2', 'data25', '27.8', '2025-11-27 01:02:20', '2025-11-26 18:02:20'),
(156, 6, 'CHILLER_LINE_2', 'data26', '27.1', '2025-11-27 01:02:20', '2025-11-26 18:02:20');

-- --------------------------------------------------------

--
-- Table structure for table `plc_history`
--

CREATE TABLE `plc_history` (
  `id` int(11) NOT NULL,
  `plc_id` int(11) NOT NULL,
  `tag_name` varchar(100) NOT NULL,
  `avg_value` float NOT NULL,
  `start_time` datetime NOT NULL,
  `end_time` datetime NOT NULL
) ENGINE=InnoDB DEFAULT CHARSET=utf8mb4 COLLATE=utf8mb4_general_ci;

-- --------------------------------------------------------

--
-- Table structure for table `standard`
--

CREATE TABLE `standard` (
  `standard_id` int(11) NOT NULL,
  `model_id` int(11) NOT NULL,
  `parameter_name` varchar(20) NOT NULL,
  `min_value` decimal(5,2) NOT NULL,
  `max_value` decimal(5,2) NOT NULL
) ENGINE=InnoDB DEFAULT CHARSET=utf8mb4 COLLATE=utf8mb4_general_ci;

--
-- Dumping data for table `standard`
--

INSERT INTO `standard` (`standard_id`, `model_id`, `parameter_name`, `min_value`, `max_value`) VALUES
(1, 3, 'HOT_TEMP', 80.00, 90.00),
(2, 3, 'COLD_TEMP', 4.00, 40.00),
(3, 3, 'PR_UP_TEMP', 70.00, 80.00),
(4, 3, 'PR_OT_TEMP', 70.00, 80.00),
(5, 3, 'PM1_UP_TEMP', 50.00, 55.00),
(6, 3, 'PM1_OT_TEMP', 50.00, 55.00),
(7, 3, 'PM2_UP_TEMP', 50.00, 55.00),
(8, 3, 'PM2_OT_TEMP', 50.00, 55.00),
(9, 3, 'CM_UP_TEMP', 60.00, 65.00),
(10, 3, 'CM_OT_TEMP', 60.00, 65.00),
(11, 3, 'CH_UP_TEMP', 25.00, 31.00),
(12, 3, 'CH_OT_TEMP', 25.00, 31.00),
(13, 3, 'GM_PRESS', 2.50, 3.00),
(14, 3, 'GM_TIME', 2.00, 4.00),
(15, 3, 'UP_PRESSURE', 35.00, 40.00),
(16, 3, 'UP_TIME', 10.00, 12.00),
(17, 4, 'HOT_TEMP', 80.00, 90.00),
(18, 4, 'COLD_TEMP', 4.00, 40.00),
(19, 4, 'PR_UP_TEMP', 70.00, 80.00),
(20, 4, 'PR_OT_TEMP', 70.00, 80.00),
(21, 4, 'PM1_UP_TEMP', 50.00, 55.00),
(22, 4, 'PM1_OT_TEMP', 50.00, 55.00),
(23, 4, 'PM2_UP_TEMP', 50.00, 55.00),
(24, 4, 'PM2_OT_TEMP', 50.00, 55.00),
(25, 4, 'CM_UP_TEMP', 60.00, 65.00),
(26, 4, 'CM_OT_TEMP', 60.00, 65.00),
(27, 4, 'CH_UP_TEMP', 25.00, 31.00),
(28, 4, 'CH_OT_TEMP', 25.00, 31.00),
(29, 4, 'GM_PRESS', 2.50, 3.00),
(30, 4, 'GM_TIME', 2.00, 4.00),
(31, 4, 'UP_PRESSURE', 30.00, 40.00),
(32, 4, 'UP_TIME', 10.00, 12.00),
(33, 5, 'HOT_TEMP', 80.00, 90.00),
(34, 5, 'COLD_TEMP', 5.00, 40.00),
(35, 5, 'PR_UP_TEMP', 70.00, 80.00),
(36, 5, 'PR_OT_TEMP', 70.00, 80.00),
(37, 5, 'PM1_UP_TEMP', 50.00, 55.00),
(38, 5, 'PM1_OT_TEMP', 50.00, 55.00),
(39, 5, 'PM2_UP_TEMP', 50.00, 55.00),
(40, 5, 'PM2_OT_TEMP', 50.00, 55.00),
(41, 5, 'CM_UP_TEMP', 60.00, 65.00),
(42, 5, 'CM_OT_TEMP', 60.00, 65.00),
(43, 5, 'CH_UP_TEMP', 25.00, 31.00),
(44, 5, 'CH_OT_TEMP', 25.00, 31.00),
(45, 5, 'GM_PRESS', 2.50, 3.00),
(46, 5, 'GM_TIME', 2.00, 4.00),
(47, 5, 'UP_PRESSURE', 30.00, 40.00),
(48, 5, 'UP_TIME', 10.00, 12.00),
(49, 9, 'CH_OT_TEMP', 25.00, 31.00),
(50, 9, 'CH_UP_TEMP', 25.00, 31.00),
(51, 9, 'CM_OT_TEMP', 60.00, 65.00),
(52, 9, 'CM_UP_TEMP', 60.00, 65.00),
(53, 9, 'COLD_TEMP', 5.00, 40.00),
(54, 9, 'GM_PRESS', 2.50, 3.00),
(55, 9, 'GM_TIME', 2.00, 4.00),
(56, 9, 'HOT_TEMP', 80.00, 90.00),
(57, 9, 'PM1_OT_TEMP', 50.00, 55.00),
(58, 9, 'PM1_UP_TEMP', 50.00, 55.00),
(59, 9, 'PM2_OT_TEMP', 50.00, 55.00),
(60, 9, 'PM2_UP_TEMP', 50.00, 55.00),
(61, 9, 'PR_OT_TEMP', 70.00, 80.00),
(62, 9, 'PR_UP_TEMP', 70.00, 80.00),
(63, 9, 'UP_PRESSURE', 30.00, 40.00),
(64, 9, 'UP_TIME', 10.00, 12.00),
(127, 12, 'CH_OT_TEMP', 25.00, 31.00),
(128, 12, 'CH_UP_TEMP', 25.00, 31.00),
(129, 12, 'CM_OT_TEMP', 60.00, 65.00),
(130, 12, 'CM_UP_TEMP', 60.00, 65.00),
(131, 12, 'COLD_TEMP', 3.00, 40.00),
(132, 12, 'GM_PRESS', 2.50, 3.00),
(133, 12, 'GM_TIME', 2.00, 4.00),
(134, 12, 'HOT_TEMP', 80.00, 90.00),
(135, 12, 'PM1_OT_TEMP', 50.00, 55.00),
(136, 12, 'PM1_UP_TEMP', 50.00, 55.00),
(137, 12, 'PM2_OT_TEMP', 50.00, 55.00),
(138, 12, 'PM2_UP_TEMP', 50.00, 55.00),
(139, 12, 'PR_OT_TEMP', 70.00, 80.00),
(140, 12, 'PR_UP_TEMP', 70.00, 80.00),
(141, 12, 'UP_PRESSURE', 30.00, 40.00),
(142, 12, 'UP_TIME', 10.00, 12.00),
(143, 13, 'CH_OT_TEMP', 25.00, 31.00),
(144, 13, 'CH_UP_TEMP', 25.00, 31.00),
(145, 13, 'CM_OT_TEMP', 60.00, 65.00),
(146, 13, 'CM_UP_TEMP', 60.00, 65.00),
(147, 13, 'COLD_TEMP', 10.00, 40.00),
(148, 13, 'GM_PRESS', 2.50, 3.00),
(149, 13, 'GM_TIME', 2.00, 4.00),
(150, 13, 'HOT_TEMP', 80.00, 90.00),
(151, 13, 'PM1_OT_TEMP', 50.00, 55.00),
(152, 13, 'PM1_UP_TEMP', 50.00, 55.00),
(153, 13, 'PM2_OT_TEMP', 50.00, 55.00),
(154, 13, 'PM2_UP_TEMP', 50.00, 55.00),
(155, 13, 'PR_OT_TEMP', 70.00, 80.00),
(156, 13, 'PR_UP_TEMP', 70.00, 80.00),
(157, 13, 'UP_PRESSURE', 30.00, 40.00),
(158, 13, 'UP_TIME', 10.00, 12.00),
(174, 14, 'CH_OT_TEMP', 26.00, 31.00),
(175, 14, 'CH_UP_TEMP', 25.00, 31.00),
(176, 14, 'CM_OT_TEMP', 61.00, 65.00),
(177, 14, 'CM_UP_TEMP', 60.00, 65.00),
(178, 14, 'COLD_TEMP', 5.00, 40.00),
(179, 14, 'GM_PRESS', 3.50, 3.00),
(180, 14, 'GM_TIME', 2.00, 4.00),
(181, 14, 'HOT_TEMP', 80.00, 90.00),
(182, 14, 'PM1_OT_TEMP', 51.00, 55.00),
(183, 14, 'PM1_UP_TEMP', 50.00, 55.00),
(184, 14, 'PM2_OT_TEMP', 51.00, 55.00),
(185, 14, 'PM2_UP_TEMP', 50.00, 55.00),
(186, 14, 'PR_OT_TEMP', 75.00, 79.00),
(187, 14, 'PR_UP_TEMP', 70.00, 80.00),
(188, 14, 'UP_PRESSURE', 31.00, 40.00),
(189, 14, 'UP_TIME', 11.00, 12.00);

-- --------------------------------------------------------

--
-- Stand-in structure for view `v_all_model_standards`
-- (See below for the actual view)
--
CREATE TABLE `v_all_model_standards` (
`model_name` varchar(10)
,`parameter_name` varchar(20)
,`min_value` decimal(5,2)
,`max_value` decimal(5,2)
);

-- --------------------------------------------------------

--
-- Stand-in structure for view `v_latest_plc_data`
-- (See below for the actual view)
--
CREATE TABLE `v_latest_plc_data` (
`id` int(11)
,`plc_id` int(11)
,`plc_name` varchar(255)
,`tag_name` varchar(255)
,`value` varchar(255)
,`timestamp` datetime
,`created_at` timestamp
);

-- --------------------------------------------------------

--
-- Stand-in structure for view `v_plc_with_standard`
-- (See below for the actual view)
--
CREATE TABLE `v_plc_with_standard` (
`model_name` varchar(10)
,`parameter_name` varchar(20)
,`min_value` decimal(5,2)
,`max_value` decimal(5,2)
);

-- --------------------------------------------------------

--
-- Structure for view `latest_plc_data_join_view`
--
DROP TABLE IF EXISTS `latest_plc_data_join_view`;

CREATE ALGORITHM=UNDEFINED DEFINER=`root`@`localhost` SQL SECURITY DEFINER VIEW `latest_plc_data_join_view`  AS SELECT `t1`.`id` AS `id`, `t1`.`plc_id` AS `plc_id`, `t1`.`plc_name` AS `plc_name`, `t1`.`tag_name` AS `tag_name`, `t1`.`value` AS `value`, `t1`.`timestamp` AS `timestamp`, `t1`.`created_at` AS `created_at` FROM (`plc_data` `t1` join (select `plc_data`.`plc_id` AS `plc_id`,`plc_data`.`tag_name` AS `tag_name`,max(`plc_data`.`timestamp`) AS `max_timestamp` from `plc_data` group by `plc_data`.`plc_id`,`plc_data`.`tag_name`) `t2` on(`t1`.`plc_id` = `t2`.`plc_id` and `t1`.`tag_name` = `t2`.`tag_name` and `t1`.`timestamp` = `t2`.`max_timestamp`)) ;

-- --------------------------------------------------------

--
-- Structure for view `v_all_model_standards`
--
DROP TABLE IF EXISTS `v_all_model_standards`;

CREATE ALGORITHM=UNDEFINED DEFINER=`root`@`localhost` SQL SECURITY DEFINER VIEW `v_all_model_standards`  AS SELECT `m`.`model_name` AS `model_name`, `s`.`parameter_name` AS `parameter_name`, `s`.`min_value` AS `min_value`, `s`.`max_value` AS `max_value` FROM (`model` `m` join `standard` `s` on(`m`.`model_id` = `s`.`model_id`)) ;

-- --------------------------------------------------------

--
-- Structure for view `v_latest_plc_data`
--
DROP TABLE IF EXISTS `v_latest_plc_data`;

CREATE ALGORITHM=UNDEFINED DEFINER=`root`@`localhost` SQL SECURITY DEFINER VIEW `v_latest_plc_data`  AS SELECT `p1`.`id` AS `id`, `p1`.`plc_id` AS `plc_id`, `p1`.`plc_name` AS `plc_name`, `p1`.`tag_name` AS `tag_name`, `p1`.`value` AS `value`, `p1`.`timestamp` AS `timestamp`, `p1`.`created_at` AS `created_at` FROM (`plc_data` `p1` join (select `plc_data`.`plc_id` AS `plc_id`,`plc_data`.`tag_name` AS `tag_name`,max(`plc_data`.`timestamp`) AS `latest_timestamp` from `plc_data` group by `plc_data`.`plc_id`,`plc_data`.`tag_name`) `p2` on(`p1`.`plc_id` = `p2`.`plc_id` and `p1`.`tag_name` = `p2`.`tag_name` and `p1`.`timestamp` = `p2`.`latest_timestamp`)) ;

-- --------------------------------------------------------

--
-- Structure for view `v_plc_with_standard`
--
DROP TABLE IF EXISTS `v_plc_with_standard`;

CREATE ALGORITHM=UNDEFINED DEFINER=`root`@`localhost` SQL SECURITY DEFINER VIEW `v_plc_with_standard`  AS SELECT `m`.`model_name` AS `model_name`, `s`.`parameter_name` AS `parameter_name`, `s`.`min_value` AS `min_value`, `s`.`max_value` AS `max_value` FROM (`model` `m` join `standard` `s` on(`m`.`model_id` = `s`.`model_id`)) ;

--
-- Indexes for dumped tables
--

--
-- Indexes for table `alarm_log`
--
ALTER TABLE `alarm_log`
  ADD PRIMARY KEY (`id`),
  ADD KEY `idx_plc_tag_time` (`plc_id`,`tag_name`,`alarm_time`);

--
-- Indexes for table `line_model_status`
--
ALTER TABLE `line_model_status`
  ADD PRIMARY KEY (`id`),
  ADD KEY `model_id` (`model_id`);

--
-- Indexes for table `model`
--
ALTER TABLE `model`
  ADD PRIMARY KEY (`model_id`),
  ADD UNIQUE KEY `model_name` (`model_name`);

--
-- Indexes for table `parameter_tag_map`
--
ALTER TABLE `parameter_tag_map`
  ADD PRIMARY KEY (`id`),
  ADD KEY `model_id` (`model_id`);

--
-- Indexes for table `plcs`
--
ALTER TABLE `plcs`
  ADD PRIMARY KEY (`id`);

--
-- Indexes for table `plc_data`
--
ALTER TABLE `plc_data`
  ADD PRIMARY KEY (`id`);

--
-- Indexes for table `plc_history`
--
ALTER TABLE `plc_history`
  ADD PRIMARY KEY (`id`),
  ADD UNIQUE KEY `unique_period_tag` (`tag_name`,`plc_id`,`start_time`),
  ADD KEY `idx_time_range` (`start_time`,`end_time`);

--
-- Indexes for table `standard`
--
ALTER TABLE `standard`
  ADD PRIMARY KEY (`standard_id`),
  ADD UNIQUE KEY `model_id` (`model_id`,`parameter_name`);

--
-- AUTO_INCREMENT for dumped tables
--

--
-- AUTO_INCREMENT for table `alarm_log`
--
ALTER TABLE `alarm_log`
  MODIFY `id` int(11) NOT NULL AUTO_INCREMENT, AUTO_INCREMENT=455;

--
-- AUTO_INCREMENT for table `line_model_status`
--
ALTER TABLE `line_model_status`
  MODIFY `id` int(11) NOT NULL AUTO_INCREMENT, AUTO_INCREMENT=5;

--
-- AUTO_INCREMENT for table `model`
--
ALTER TABLE `model`
  MODIFY `model_id` int(11) NOT NULL AUTO_INCREMENT, AUTO_INCREMENT=15;

--
-- AUTO_INCREMENT for table `parameter_tag_map`
--
ALTER TABLE `parameter_tag_map`
  MODIFY `id` int(11) NOT NULL AUTO_INCREMENT;

--
-- AUTO_INCREMENT for table `plcs`
--
ALTER TABLE `plcs`
  MODIFY `id` int(11) NOT NULL AUTO_INCREMENT, AUTO_INCREMENT=7;

--
-- AUTO_INCREMENT for table `plc_data`
--
ALTER TABLE `plc_data`
  MODIFY `id` int(11) NOT NULL AUTO_INCREMENT, AUTO_INCREMENT=157;

--
-- AUTO_INCREMENT for table `plc_history`
--
ALTER TABLE `plc_history`
  MODIFY `id` int(11) NOT NULL AUTO_INCREMENT;

--
-- AUTO_INCREMENT for table `standard`
--
ALTER TABLE `standard`
  MODIFY `standard_id` int(11) NOT NULL AUTO_INCREMENT, AUTO_INCREMENT=190;

--
-- Constraints for dumped tables
--

--
-- Constraints for table `line_model_status`
--
ALTER TABLE `line_model_status`
  ADD CONSTRAINT `line_model_status_ibfk_1` FOREIGN KEY (`model_id`) REFERENCES `model` (`model_id`);

--
-- Constraints for table `parameter_tag_map`
--
ALTER TABLE `parameter_tag_map`
  ADD CONSTRAINT `parameter_tag_map_ibfk_1` FOREIGN KEY (`model_id`) REFERENCES `model` (`model_id`);

--
-- Constraints for table `standard`
--
ALTER TABLE `standard`
  ADD CONSTRAINT `standard_model_fk_cascade` FOREIGN KEY (`model_id`) REFERENCES `model` (`model_id`) ON DELETE CASCADE;
COMMIT;

/*!40101 SET CHARACTER_SET_CLIENT=@OLD_CHARACTER_SET_CLIENT */;
/*!40101 SET CHARACTER_SET_RESULTS=@OLD_CHARACTER_SET_RESULTS */;
/*!40101 SET COLLATION_CONNECTION=@OLD_COLLATION_CONNECTION */;
